序号,发布日期,发布时间（页面时区）,视频标题,视频链接,视频ID
1,2026-07-10,12:33:52-07:00,BTC繼續反彈！雙重頂誘空？下週去更高？,https://www.youtube.com/watch?v=FPE8RNGlWZs,FPE8RNGlWZs
2,2026-07-09,10:59:42-07:00,BTC懸停中！向上或向下？流動性在哪……,https://www.youtube.com/watch?v=EO_UZj1r7ME,EO_UZj1r7ME
3,2026-07-08,12:31:19-07:00,BTC上漲遇阻！掉頭向下？目前在盤整區中間段！,https://www.youtube.com/watch?v=Fxkavpy-QtA,Fxkavpy-QtA
4,2026-07-07,11:45:47-07:00,BTC繼續上漲！資金費居高不下，馬上暴跌？,https://www.youtube.com/watch?v=qE_p2p7UKtQ,qE_p2p7UKtQ
5,2026-07-06,11:02:23-07:00,BTC反彈64K！MSTR出售比特幣？可能是利好！,https://www.youtube.com/watch?v=9XDnMnkS0Mc,9XDnMnkS0Mc
6,2026-07-03,11:40:33-07:00,BTC繼續反彈！毫無回調？資金費率也負了？漲去哪,https://www.youtube.com/watch?v=moMesCyb1HI,moMesCyb1HI
7,2026-07-02,11:58:43-07:00,BTC繼續反彈！真去68K？美股崩了，比特幣呢？,https://www.youtube.com/watch?v=o3R7fnrQTOw,o3R7fnrQTOw
8,2026-07-01,12:29:50-07:00,BTC跌到57700收回！重上60000！反彈開始了？漲去哪？,https://www.youtube.com/watch?v=1aDdkh3098M,1aDdkh3098M
9,2026-06-30,11:51:04-07:00,比特幣58000！不斷探底，不斷新低？深淵在召喚！,https://www.youtube.com/watch?v=XdDK8aBJpHQ,XdDK8aBJpHQ
10,2026-06-29,12:17:23-07:00,BTC守住60000？滿月上漲？跌不破，也漲不動！,https://www.youtube.com/watch?v=kf6klzcX6r8,kf6klzcX6r8
11,2026-06-26,10:37:14-07:00,BTC多次撐住！是否反彈？強勢，還是弱勢？,https://www.youtube.com/watch?v=TX8JGToqGTw,TX8JGToqGTw
12,2026-06-25,11:40:43-07:00,BTC跌到58000！之後又收回60000！是否有反彈？,https://www.youtube.com/watch?v=MItA2oVPLio,MItA2oVPLio
13,2026-06-24,12:10:55-07:00,BTC跌破60000！還能跌？直接去大底？,https://www.youtube.com/watch?v=V5qWreZycGc,V5qWreZycGc
14,2026-06-23,11:40:58-07:00,BTC盤整中！上下無序，耐心等待……,https://www.youtube.com/watch?v=rGv-nVbrQaM,rGv-nVbrQaM
15,2026-06-22,11:49:10-07:00,BTC重回65K！跌不動，只因流動性在68K？,https://www.youtube.com/watch?v=MOkpWKlQiN8,MOkpWKlQiN8
16,2026-06-19,11:19:41-07:00,BTC空頭陷阱？是否收回很關鍵！63600，多空臨界？,https://www.youtube.com/watch?v=VOcHXFcpnPU,VOcHXFcpnPU
17,2026-06-18,11:28:31-07:00,BTC急轉直下！反彈徹底結束了？追空一下？,https://www.youtube.com/watch?v=p8MYXV1-jDc,p8MYXV1-jDc
18,2026-06-17,10:54:16-07:00,BTC跌破65000收回！反彈還沒完？繼續漲去哪？,https://www.youtube.com/watch?v=XcA0GsUrCtM,XcA0GsUrCtM
19,2026-06-16,11:03:40-07:00,BTC反彈到頂了？下方有缺口！掉頭向下？！,https://www.youtube.com/watch?v=EUCXNBbu39E,EUCXNBbu39E
20,2026-06-15,10:55:52-07:00,BTC強勢反彈！漲到68000？之後呢？,https://www.youtube.com/watch?v=o0mRpYv2270,o0mRpYv2270
21,2026-06-12,11:16:12-07:00,BTC漲到目標位！反彈到64000，能再去68000嗎？什麼原理？,https://www.youtube.com/watch?v=Vo16zfQUrzU,Vo16zfQUrzU
22,2026-06-11,12:37:54-07:00,BTC果然反彈！？目標位多少？小反彈，還是大反轉？,https://www.youtube.com/watch?v=R157VRN2Vu8,R157VRN2Vu8
23,2026-06-10,11:30:19-07:00,BTC反彈太弱！繼續下跌？多空分界在POC這條線！,https://www.youtube.com/watch?v=LlyHbvGngjM,LlyHbvGngjM
24,2026-06-09,11:54:53-07:00,比特幣V反失敗？到底能不能反彈？做多，還是做空？,https://www.youtube.com/watch?v=T_Bhs3NwpPo,T_Bhs3NwpPo
25,2026-06-08,11:35:31-07:00,BTC跌破收回！反彈開始了？可能漲到哪？,https://www.youtube.com/watch?v=x_Pkx0pQKDY,x_Pkx0pQKDY
26,2026-06-05,12:34:28-07:00,比特幣59000！跌下六字頭，抄底嗎？ETH去三位數？,https://www.youtube.com/watch?v=PVhAyO1N1Y0,PVhAyO1N1Y0
27,2026-06-04,12:11:05-07:00,BTC跌到61000！抄底？資金去美股，完了？,https://www.youtube.com/watch?v=agLnW0V2ac0,agLnW0V2ac0
28,2026-06-03,11:35:39-07:00,BTC繼續暴跌！底究竟在哪？提前埋伏？,https://www.youtube.com/watch?v=cAIHj5OZeb8,cAIHj5OZeb8
29,2026-06-02,11:44:24-07:00,BTC崩盤暴跌！美股吸血？老實人賣幣？劇本早已寫好……,https://www.youtube.com/watch?v=MBWktWkJx5w,MBWktWkJx5w
30,2026-06-01,11:07:36-07:00,比特幣自由落體！只因Saylor賣幣？好事壞事？,https://www.youtube.com/watch?v=43AdDF3pGno,43AdDF3pGno
31,2026-05-29,12:04:23-07:00,BTC緩緩下跌！毫無強勢？繼續跌下去？,https://www.youtube.com/watch?v=6i0ovI1Cf5g,6i0ovI1Cf5g
32,2026-05-28,11:43:23-07:00,比特幣徹底跌破？回彈無力！可能跌到哪？,https://www.youtube.com/watch?v=67BgR9nyiEg,67BgR9nyiEg
33,2026-05-27,11:04:04-07:00,BTC順暢下跌！毫無反彈？撐不住將跌去哪？,https://www.youtube.com/watch?v=0CLi25W1mP8,0CLi25W1mP8
34,2026-05-26,12:04:36-07:00,BTC稍反彈就下跌！能否撐住？有沒有上漲C浪？,https://www.youtube.com/watch?v=2Jfk9PXLe58,2Jfk9PXLe58
35,2026-05-25,12:13:38-07:00,BTC跌破反彈！VAH撐住？獵殺多頭止損後，漲到哪？,https://www.youtube.com/watch?v=m01LHPdyqGA,m01LHPdyqGA
36,2026-05-22,11:11:13-07:00,BTC反彈無力！沒有加倉做空機會？繼續下行？,https://www.youtube.com/watch?v=7TC8SO_tlfU,7TC8SO_tlfU
37,2026-05-21,11:11:57-07:00,BTC緩緩反彈！這是要去哪？是反彈還是反轉？,https://www.youtube.com/watch?v=1WzfS11yTPA,1WzfS11yTPA
38,2026-05-20,10:49:06-07:00,BTC能反彈嗎？資金費悄悄漲起來了……,https://www.youtube.com/watch?v=DeBrIYy1X6E,DeBrIYy1X6E
39,2026-05-19,10:50:17-07:00,BTC無力緩跌！毫無反彈跡象？會有回抽嗎？,https://www.youtube.com/watch?v=Uh-LWUfF1DI,Uh-LWUfF1DI
40,2026-05-18,11:27:18-07:00,BTC假突破跌回！新一輪下跌開始？,https://www.youtube.com/watch?v=95_VU1yKirY,95_VU1yKirY
41,2026-05-15,11:14:04-07:00,BTC反復回踩！超弱勢！但只要沒跌下來，就不算走壞！,https://www.youtube.com/watch?v=yxmoYOXe0og,yxmoYOXe0og
42,2026-05-14,10:57:32-07:00,BTC殺多頭止損！迅速收回！這次漲去哪？,https://www.youtube.com/watch?v=npMN3RNmhLE,npMN3RNmhLE
43,2026-05-13,11:17:05-07:00,BTC跌破？果斷收回！頹勢盡顯？還是獵殺止損？,https://www.youtube.com/watch?v=wjBfAJUbWp0,wjBfAJUbWp0
44,2026-05-12,12:06:03-07:00,BTC突破後盤整！不漲也難跌？怎麼辦？,https://www.youtube.com/watch?v=JjB_Oiiq3xI,JjB_Oiiq3xI
45,2026-05-11,11:46:41-07:00,BTC獨自畫門！只要在這條線上方，仍然沒有頹勢！,https://www.youtube.com/watch?v=Z_RRD3pEzLg,Z_RRD3pEzLg
46,2026-05-08,11:22:10-07:00,BTC回踩企穩？能否撐住！？如何直接用USDT買美股？,https://www.youtube.com/watch?v=hQh6UFvlppc,hQh6UFvlppc
47,2026-05-07,11:06:24-07:00,BTC沖高回落！多空分界只在這一線？盤口異動！,https://www.youtube.com/watch?v=oVILXasIqLc,oVILXasIqLc
48,2026-05-06,10:59:29-07:00,BTC仍上漲！但幅度越來越小？空頭投降，燃料減少？,https://www.youtube.com/watch?v=_dBS03-mcjg,_dBS03-mcjg
49,2026-05-05,10:45:09-07:00,BTC突破未跌回！只要資金費率這樣，不太可能跌！,https://www.youtube.com/watch?v=gSSey0TJlNc,gSSey0TJlNc
50,2026-05-04,11:54:48-07:00,BTC上80000！是否站穩？這條線守住！,https://www.youtube.com/watch?v=n_uTFFwHkco,n_uTFFwHkco
51,2026-05-01,11:36:46-07:00,BTC繼續上攻！看漲背離後的量增價漲！前高要破？,https://www.youtube.com/watch?v=R0OYO61RqRQ,R0OYO61RqRQ
52,2026-04-30,11:11:05-07:00,BTC跌不下去？小級別看漲背離！磨你脾氣呢……,https://www.youtube.com/watch?v=5yc4hREw6rE,5yc4hREw6rE
53,2026-04-29,11:09:52-07:00,BTC迅速下跌！回天乏力？不能反彈更高了？,https://www.youtube.com/watch?v=i0SzA-XrM2w,i0SzA-XrM2w
54,2026-04-28,10:55:42-07:00,比特幣下跌開啟！？可以做空了嗎？隱患是什麼？,https://www.youtube.com/watch?v=pvld-uOdcp8,pvld-uOdcp8
55,2026-04-27,11:35:44-07:00,BTC開盤就看跌吞沒？要開始跌了嗎？比特幣周線分析！,https://www.youtube.com/watch?v=AdPaJApYiB8,AdPaJApYiB8
56,2026-04-24,11:20:37-07:00,BTC臨近缺口！上去補足？期貨缺口，摸一下就走？,https://www.youtube.com/watch?v=cv0EVpGDlQQ,cv0EVpGDlQQ
57,2026-04-23,11:46:41-07:00,BTC還要漲？缺口大概率去補！資金費依然低，切忌較勁式做空！,https://www.youtube.com/watch?v=ksFOszvg78s,ksFOszvg78s
58,2026-04-22,12:05:14-07:00,BTC前高突破！資金費暴負，不能跌！期貨缺口到了？,https://www.youtube.com/watch?v=L3J9SESTXBg,L3J9SESTXBg
59,2026-04-21,11:39:30-07:00,BTC假突破後回抽！跌不下去？事出有妖！,https://www.youtube.com/watch?v=ZEWfZlejhQ4,ZEWfZlejhQ4
60,2026-04-20,12:19:37-07:00,BTC跌不下去？空頭太多！小心上攻！到底怎麼做？,https://www.youtube.com/watch?v=HSNOLgfcKYQ,HSNOLgfcKYQ
61,2026-04-17,11:48:29-07:00,比特幣78000！前高突破！不跌回，則毫無頹勢！,https://www.youtube.com/watch?v=4ocT0NjkDuE,4ocT0NjkDuE
62,2026-04-16,11:06:15-07:00,比特幣仍將突破？蓄勢待發中！變盤倒計時……！,https://www.youtube.com/watch?v=dafPEQv0abY,dafPEQv0abY
63,2026-04-15,11:41:08-07:00,比特幣蓄勢上攻？資金費仍極負！獵殺空頭止損……,https://www.youtube.com/watch?v=UkJjdbSrOrE,UkJjdbSrOrE
64,2026-04-14,11:30:57-07:00,BTC還能漲！？但也要小心變盤……高處不勝寒！,https://www.youtube.com/watch?v=mV0Z1WBwfeA,mV0Z1WBwfeA
65,2026-04-13,12:24:10-07:00,BTC資金費極負！小心爆空！未必跌得動……,https://www.youtube.com/watch?v=ajhTv8seHuw,ajhTv8seHuw
66,2026-04-10,12:48:47-07:00,小心扎空！BTC繼續突破？極負費率，很難跌！,https://www.youtube.com/watch?v=gkmZO3pgO98,gkmZO3pgO98
67,2026-04-09,12:00:41-07:00,BTC多空一線？這一帶是關鍵！值得留意！,https://www.youtube.com/watch?v=I05CjZyNvJ8,I05CjZyNvJ8
68,2026-04-08,11:46:12-07:00,BTC彈上72000！真假突破？大行情來了……嗎？,https://www.youtube.com/watch?v=AKAl915T8-Q,AKAl915T8-Q
69,2026-04-07,11:53:48-07:00,BTC蓄勢突破？等一個大行情！小級別先漲再跌？,https://www.youtube.com/watch?v=3zRLb_s4tM8,3zRLb_s4tM8
70,2026-04-06,12:09:02-07:00,比特幣滿月上漲！都在做空？可能去這裡！,https://www.youtube.com/watch?v=od8VlKNZd94,od8VlKNZd94
71,2026-04-03,12:14:43-07:00,比特幣極致盤整！下週出方向？閒來無事聊聊 AI ！,https://www.youtube.com/watch?v=q6voube7qec,q6voube7qec
72,2026-04-02,12:32:17-07:00,比特幣無序盤整！除非到這……，絕不動手！,https://www.youtube.com/watch?v=fI6HZK3dwVU,fI6HZK3dwVU
73,2026-04-01,12:40:13-07:00,BTC站回趨勢線！滿月漲到哪？做空再等等？,https://www.youtube.com/watch?v=toI3LIxJ4OE,toI3LIxJ4OE
74,2026-03-31,12:26:42-07:00,BTC多空糾纏！耐心等這個交易機會……,https://www.youtube.com/watch?v=m9uGV8eSaec,m9uGV8eSaec
75,2026-03-30,11:53:14-07:00,BTC跌破趨勢線！大級別看跌？若站回前低，反彈到哪？,https://www.youtube.com/watch?v=Frbn8868n0E,Frbn8868n0E
76,2026-03-27,12:52:58-07:00,比特幣跌破趨勢線！新下跌的開始？是否能反轉？,https://www.youtube.com/watch?v=phFD3nAAWDI,phFD3nAAWDI
77,2026-03-26,12:27:04-07:00,BTC假突破偷跑！即將真跌破？留意這條線！上次……,https://www.youtube.com/watch?v=XSCdXCX4mbY,XSCdXCX4mbY
78,2026-03-25,11:51:14-07:00,BTC掉頭向下！獵殺止損成功？不去更高了？！,https://www.youtube.com/watch?v=nrZEzsQpsbA,nrZEzsQpsbA
79,2026-03-24,12:55:08-07:00,BTC這就反彈完了？馬上就下跌？這缺口還來嗎？！,https://www.youtube.com/watch?v=ufXZvBniw70,ufXZvBniw70
80,2026-03-23,11:17:45-07:00,比特幣V反！美伊戰爭和談？做多或做空？,https://www.youtube.com/watch?v=CkD7f5l1qmM,CkD7f5l1qmM
81,2026-03-20,11:16:24-07:00,BTC反彈超弱！大概率跌到這？,https://www.youtube.com/watch?v=NQsgh8A3ons,NQsgh8A3ons
82,2026-03-19,11:38:13-07:00,比特幣70000跌破！毫無反彈？做空何時加倉？,https://www.youtube.com/watch?v=4wLA39ereBE,4wLA39ereBE
83,2026-03-18,12:26:18-07:00,BTC受挫！一天跌5000，大陰線！開啟順暢下跌？,https://www.youtube.com/watch?v=uhVk4mQEmLI,uhVk4mQEmLI
84,2026-03-17,11:51:22-07:00,比特幣能否80000？看74K一帶！否則新月將至……,https://www.youtube.com/watch?v=n1nIgCDmDK8,n1nIgCDmDK8
85,2026-03-16,11:55:01-07:00,BTC漲勢不停！為什麼還漲？到哪可能反轉？,https://www.youtube.com/watch?v=jiY3DIVSQJY,jiY3DIVSQJY
86,2026-03-13,11:23:22-07:00,BTC轉牛？仍在下跌趨勢中！上漲只是獵殺空頭……,https://www.youtube.com/watch?v=SQ8i1FXQ3lk,SQ8i1FXQ3lk
87,2026-03-12,11:48:17-07:00,BTC空頭太多？資金費極低！未必能順暢下跌！,https://www.youtube.com/watch?v=K131GZRIl7Y,K131GZRIl7Y
88,2026-03-11,11:19:44-07:00,BTC繼續上漲！阻力無效？下殺後，強勢反彈！,https://www.youtube.com/watch?v=Vj1bSVTWN_4,Vj1bSVTWN_4
89,2026-03-10,12:11:25-07:00,BTC完美受阻！反抽不過？繼續下跌？小心了！,https://www.youtube.com/watch?v=rkwyvvPRug4,rkwyvvPRug4
90,2026-03-09,12:55:18-07:00,BTC跌更低？反彈是做空機會？周線詳細分析！,https://www.youtube.com/watch?v=gR_qt5NEGWg,gR_qt5NEGWg
91,2026-03-06,10:29:07-08:00,BTC跌下70000！重回盤整？恐怕跌更多？,https://www.youtube.com/watch?v=H12O7Wg3qoc,H12O7Wg3qoc
92,2026-03-05,10:52:50-08:00,BTC掉頭向下！盤整區假突破！這次跌去哪？,https://www.youtube.com/watch?v=oYcJrATQp28,oYcJrATQp28
93,2026-03-04,12:19:26-08:00,比特幣73000！逆勢上漲！走出盤整區？小心跌回！,https://www.youtube.com/watch?v=1bW8G8g-eiA,1bW8G8g-eiA
94,2026-03-03,10:45:11-08:00,BTC重回70000？還能繼續漲？戰爭影響幣價？,https://www.youtube.com/watch?v=tq4gtramMx4,tq4gtramMx4
95,2026-03-02,11:30:41-08:00,打起來了，還盤整嗎？！比特幣去前高？避險資產？,https://www.youtube.com/watch?v=2gmqkIVMMUo,2gmqkIVMMUo
96,2026-02-27,10:49:12-08:00,比特幣最後支撐！這一帶不能破！是否做多？,https://www.youtube.com/watch?v=6ggSNpr_SGI,6ggSNpr_SGI
97,2026-02-26,11:29:32-08:00,BTC繼續反彈？回踩多少有支撐？更高的低點！,https://www.youtube.com/watch?v=oh0nDqRiHD4,oh0nDqRiHD4
98,2026-02-25,11:20:11-08:00,BTC暴力反彈！目標前高？之後是漲是跌？,https://www.youtube.com/watch?v=HqWDa2Tk8Og,HqWDa2Tk8Og
99,2026-02-24,11:36:53-08:00,比特幣假跌破？若收回，將反彈！,https://www.youtube.com/watch?v=emszskcK9FM,emszskcK9FM
100,2026-02-23,11:41:18-08:00,BTC前低跌破！是否反彈？或者繼續跌下去？,https://www.youtube.com/watch?v=sQAvVgYmdA4,sQAvVgYmdA4
101,2026-02-20,12:10:49-08:00,BTC小反彈！不去前低？趨勢線突破，是真是假？,https://www.youtube.com/watch?v=jiSfLhdI4L8,jiSfLhdI4L8
102,2026-02-19,11:03:10-08:00,BTC還是要下來！臨近前低，不跌一下怎麼行？,https://www.youtube.com/watch?v=4n1szmbbZsU,4n1szmbbZsU
103,2026-02-18,11:30:38-08:00,BTC跌跌不休！可能還是要去前低……反彈還遠？,https://www.youtube.com/watch?v=_N-SsbugEZk,_N-SsbugEZk
104,2026-02-17,11:40:14-08:00,BTC赤馬年走勢！盤整才開始？最好的交易機會是？,https://www.youtube.com/watch?v=nNAbLeeWZog,nNAbLeeWZog
105,2026-02-13,11:12:32-08:00,比特幣反轉？迅速反彈！中線得到支撐？漲到哪裡會受阻？,https://www.youtube.com/watch?v=gkL9_fUzk9I,gkL9_fUzk9I
106,2026-02-12,11:27:11-08:00,BTC假突破！去往前低？還能反彈起來嗎？,https://www.youtube.com/watch?v=icSVcuTxH8s,icSVcuTxH8s
107,2026-02-11,10:55:10-08:00,BTC進入盤整區！一切才剛剛開始……,https://www.youtube.com/watch?v=d71wxbRpiS8,d71wxbRpiS8
108,2026-02-10,11:49:04-08:00,BTC上下邊界！在這區間盤整！先向下？先向上？,https://www.youtube.com/watch?v=GyNdoExBQ6o,GyNdoExBQ6o
109,2026-02-09,11:37:53-08:00,BTC進入吸籌區？放巨量後怎麼走？看看以前！,https://www.youtube.com/watch?v=kA_I1joliVM,kA_I1joliVM
110,2026-02-06,12:57:03-08:00,BTC跌到59900！迅速V反上70000！抄底？,https://www.youtube.com/watch?v=P8G4rL6R7KE,P8G4rL6R7KE
111,2026-02-05,12:18:11-08:00,比特幣65000！跌到位了沒？多少可抄底？,https://www.youtube.com/watch?v=iNlX_CosApM,iNlX_CosApM
112,2026-02-04,09:49:45-08:00,BTC毫無反彈！順暢下跌，能去多低？估算……,https://www.youtube.com/watch?v=RyofdKMaZUY,RyofdKMaZUY
113,2026-02-03,11:45:36-08:00,BTC一跌不復返？是否能站回？多空之間！,https://www.youtube.com/watch?v=CJs7eZHljrY,CJs7eZHljrY
114,2026-02-02,11:54:16-08:00,BTC跌破支撐！收回可做多？回抽失敗順勢加空！,https://www.youtube.com/watch?v=1h8GwbwC8to,1h8GwbwC8to
115,2026-01-30,11:47:42-08:00,黃金白銀大崩盤！BTC卻出現反彈？下跌趨勢改變了？,https://www.youtube.com/watch?v=JZFowGKvEwU,JZFowGKvEwU
116,2026-01-29,11:45:37-08:00,BTC順流直下！下跌才開始？跌到熊市劇本的什麼位置了？,https://www.youtube.com/watch?v=ttUAgovDasg,ttUAgovDasg
117,2026-01-28,11:22:06-08:00,BTC反彈跡象？最高漲到多少？順大逆小，慎做多！,https://www.youtube.com/watch?v=6O7_21V06v4,6O7_21V06v4
118,2026-01-27,11:34:55-08:00,比特幣懸停中！是要去哪？跌破收回，是要反彈？,https://www.youtube.com/watch?v=tl_4Mxn0MBs,tl_4Mxn0MBs
119,2026-01-26,10:52:30-08:00,BTC周線跌破？趨勢更明確！反彈已結束？,https://www.youtube.com/watch?v=oN6RX4HSvKE,oN6RX4HSvKE
120,2026-01-23,11:13:28-08:00,BTC開始反彈！漲到多少？做多，還是做空？,https://www.youtube.com/watch?v=LQSjldjhiqw,LQSjldjhiqw
121,2026-01-22,11:44:30-08:00,比特幣無反彈！做空更順勢？這一帶是強阻！,https://www.youtube.com/watch?v=rD3P84k3RJQ,rD3P84k3RJQ
122,2026-01-21,11:39:21-08:00,比特幣順跌！毫無反彈？這一帶有強阻力！ETH去哪？,https://www.youtube.com/watch?v=exl9U8hyx_I,exl9U8hyx_I
123,2026-01-20,11:49:16-08:00,BTC如期暴跌！還能漲起來嗎？一跌不復返！？,https://www.youtube.com/watch?v=qhIjRjsyJZA,qhIjRjsyJZA
124,2026-01-19,11:38:07-08:00,比特幣跌回！下跌繼續？以往是怎麼走的？,https://www.youtube.com/watch?v=RP_Al0Fnuok,RP_Al0Fnuok
125,2026-01-16,11:58:20-08:00,BTC生死之間！這兩條線，上去是電梯，下去是滑梯……,https://www.youtube.com/watch?v=rKO11VtS1dE,rKO11VtS1dE
126,2026-01-15,11:52:26-08:00,BTC突破！繼續反彈到更高？一旦跌回，問題將不妙！,https://www.youtube.com/watch?v=0ygT4SNtnNM,0ygT4SNtnNM
127,2026-01-14,10:43:33-08:00,比特幣123突破！趨勢線突破、前高突破，漲到哪？,https://www.youtube.com/watch?v=sODb361o-HY,sODb361o-HY
128,2026-01-13,11:20:36-08:00,BTC即將突破？杯柄蓄勢中！負資金費是好事……,https://www.youtube.com/watch?v=dHkDnDxYlts,dHkDnDxYlts
129,2026-01-12,11:49:28-08:00,BTC撐住！緩慢蓄力中！繼續向上？觀察這一帶！,https://www.youtube.com/watch?v=lHGU6EEllNo,lHGU6EEllNo
130,2026-01-09,11:28:47-08:00,BTC反彈無力？反復測試這條線……能否撐住？,https://www.youtube.com/watch?v=3xj6HxXl8eA,3xj6HxXl8eA
131,2026-01-08,11:39:16-08:00,BTC暫時撐住！有望反彈？只要不跌破，目標去這……,https://www.youtube.com/watch?v=-kIJ_YiEPhk,-kIJ_YiEPhk
132,2026-01-07,12:19:44-08:00,BTC如期下跌！能否撐住？順勢做空？踩穩做多？,https://www.youtube.com/watch?v=IUOlk0OFBlg,IUOlk0OFBlg
133,2026-01-06,11:23:16-08:00,BTC前高受阻！反彈失敗？如果反彈，這裡有阻力！,https://www.youtube.com/watch?v=LcX3kFd4kAY,LcX3kFd4kAY
134,2026-01-05,13:22:44-08:00,BTC新年起漲！小反彈？大反轉？漲到多少？,https://www.youtube.com/watch?v=I_HlGSnF01I,I_HlGSnF01I
135,2025-12-29,19:36:07-08:00,比特幣假突破！盤前的爆空頭！繼續向下走？,https://www.youtube.com/watch?v=TazdoHe9V1I,TazdoHe9V1I
136,2025-12-28,19:52:01-08:00,BTC總算盤出頭？趨勢線突破！做多可以，但留意時間！,https://www.youtube.com/watch?v=3g0B6_Oapks,3g0B6_Oapks
137,2025-12-25,17:22:21-08:00,BTC仍在盤整！趨勢線以下，沒有交易機會！,https://www.youtube.com/watch?v=Wsj0JzI1c8k,Wsj0JzI1c8k
138,2025-12-23,19:38:52-08:00,BTC還得跌？資金費率起來了！可能發生什麼？,https://www.youtube.com/watch?v=KKuURzQQ5pg,KKuURzQQ5pg
139,2025-12-22,18:05:19-08:00,BTC逼近趨勢線！卻掉頭就走？何時才突破！？,https://www.youtube.com/watch?v=SM5dpeAqAvk,SM5dpeAqAvk
140,2025-12-19,11:24:31-08:00,BTC上下畫門！可能先向下？資金費率又漲起來了……,https://www.youtube.com/watch?v=nU3A0TTD25k,nU3A0TTD25k
141,2025-12-18,11:29:33-08:00,BTC極致盤整！上下畫門！突破前，先獵殺止損？,https://www.youtube.com/watch?v=hg1xUMQYgZQ,hg1xUMQYgZQ
142,2025-12-17,12:06:36-08:00,BTC假收回！重新跌下趨勢線！可能去更低？,https://www.youtube.com/watch?v=C80E7LGD9xM,C80E7LGD9xM
143,2025-12-16,13:43:58-08:00,BTC楔形跌破？繼續下跌？很多人做空！會不會是空頭陷阱？,https://www.youtube.com/watch?v=RQ3KxYhLsEc,RQ3KxYhLsEc
144,2025-12-15,11:50:29-08:00,BTC急轉直下！徹底走壞？消息面悲觀，但最值得留意的是趨勢線！,https://www.youtube.com/watch?v=Mi7X47kw2Z8,Mi7X47kw2Z8
145,2025-12-12,11:14:14-08:00,BTC極致盤整！潛心觀察，稍安勿躁！,https://www.youtube.com/watch?v=OVfptUd-DhM,OVfptUd-DhM
146,2025-12-11,11:16:13-08:00,比特幣仍盤整！方向未變？唯一清晰的線，務必盯緊！,https://www.youtube.com/watch?v=3H6IaRqqQ-I,3H6IaRqqQ-I
147,2025-12-10,11:40:19-08:00,BTC蓄勢待發！一步步臨近趨勢線！ETH先突破了？,https://www.youtube.com/watch?v=QTwKQeVenyk,QTwKQeVenyk
148,2025-12-09,10:50:45-08:00,BTC如期反彈！漲去目標位？留意趨勢線！,https://www.youtube.com/watch?v=QnI7XWMhTbc,QnI7XWMhTbc
149,2025-12-08,10:49:27-08:00,比特幣反彈！缺口補足了？正靠近大趨勢線？,https://www.youtube.com/watch?v=mWNcdjUz100,mWNcdjUz100
150,2025-12-05,12:26:26-08:00,BTC回踩缺口！補足了嗎？是否能撐住？繼續漲？,https://www.youtube.com/watch?v=ma3ewdXgQmo,ma3ewdXgQmo
151,2025-12-04,10:15:41-08:00,BTC趨勢線將突破？逐漸臨近！回踩哪裡有支撐？,https://www.youtube.com/watch?v=F5UjEPPIEiI,F5UjEPPIEiI
152,2025-12-03,11:51:13-08:00,BTC反彈繼續？回落到這有支撐！漲去哪？,https://www.youtube.com/watch?v=7NA2dfgrNNU,7NA2dfgrNNU
153,2025-12-02,10:42:17-08:00,BTC強力反轉！看漲吞沒出現了？下一步去哪？,https://www.youtube.com/watch?v=cg1XLVuUXu0,cg1XLVuUXu0
154,2025-12-01,11:04:16-08:00,BTC掉頭向下！大勢已去？反彈結束了？,https://www.youtube.com/watch?v=pFyWSC97iVM,pFyWSC97iVM
155,2025-11-28,16:30:46-08:00,比特幣回落！反彈結束了？很多人做空，資金費率又負了……,https://www.youtube.com/watch?v=Ij1U33U9gEw,Ij1U33U9gEw
156,2025-11-27,14:52:32-08:00,BTC漲入盤整區！掉頭向下？繼續上攻？目標位還沒到……,https://www.youtube.com/watch?v=r1h03pvi0zI,r1h03pvi0zI
157,2025-11-26,13:53:41-08:00,BTC反彈未完！繼續上漲！目標到哪？,https://www.youtube.com/watch?v=Ien0VRxBwQw,Ien0VRxBwQw
158,2025-11-25,13:28:03-08:00,BTC反彈結束？前高假突破！還去更高嗎？,https://www.youtube.com/watch?v=tYTZz5mUzwA,tYTZz5mUzwA
159,2025-11-24,12:07:46-08:00,BTC跌極反彈！不再跌了？這次漲到哪？這指標有點准！,https://www.youtube.com/watch?v=pJoTBCUNVp8,pJoTBCUNVp8
160,2025-11-21,11:24:17-08:00,BTC恐慌拋售！放出巨量，情緒釋放！反彈契機？,https://www.youtube.com/watch?v=ssY6iGRCRBA,ssY6iGRCRBA
161,2025-11-20,11:39:51-08:00,比特幣仍狂跌！市場開始投降，不要接飛刀！去更低？,https://www.youtube.com/watch?v=TqGjKbSunpM,TqGjKbSunpM
162,2025-11-19,11:49:55-08:00,比特幣依然下跌！在哪抄底？是不是還早？大級別分析！,https://www.youtube.com/watch?v=GMaB-5m-49c,GMaB-5m-49c
163,2025-11-18,11:36:04-08:00,BTC觸底反彈！是小反彈？還是大反轉？危險消除了？,https://www.youtube.com/watch?v=s8xuEa1pGlA,s8xuEa1pGlA
164,2025-11-17,11:14:23-08:00,BTC狂跌！一點反彈也沒有？趨勢明確，順勢而為！,https://www.youtube.com/watch?v=8sOBpJYjWoA,8sOBpJYjWoA
165,2025-11-14,11:30:44-08:00,BTC跌落十萬！完全跌破！派發區間跌出，一路暢跌？,https://www.youtube.com/watch?v=tu8i3myMp1Q,tu8i3myMp1Q
166,2025-11-13,11:14:31-08:00,BTC跌穿！小心飛刀！一路跌下去？除非……！,https://www.youtube.com/watch?v=rvuarFKkULo,rvuarFKkULo
167,2025-11-12,12:08:49-08:00,BTC仍跌！小反彈也沒？再測前低，這次還能否撐住？,https://www.youtube.com/watch?v=_o_mPhGbmNY,_o_mPhGbmNY
168,2025-11-11,10:57:06-08:00,BTC還是要跌？或正常回調？多空只在這一帶！撐住或失守？,https://www.youtube.com/watch?v=r8MgTgNstec,r8MgTgNstec
169,2025-11-10,11:11:36-08:00,BTC反彈開始！回落哪裡有支撐？長線空，短線多？,https://www.youtube.com/watch?v=MF445EGpKaA,MF445EGpKaA
170,2025-11-07,11:03:44-08:00,BTC築底？逐漸形成W底！空頭太多，清一下槓桿？,https://www.youtube.com/watch?v=3FRNEaujxIA,3FRNEaujxIA
171,2025-11-06,11:37:00-08:00,BTC危險解除？反彈是真是假？就看這條線了！或生或死！,https://www.youtube.com/watch?v=1_-IN-_J-vU,1_-IN-_J-vU
172,2025-11-05,10:44:42-08:00,BTC絕地反彈！市場框架轉漲？滿月再度發力？,https://www.youtube.com/watch?v=ElDMlyLsrCQ,ElDMlyLsrCQ
173,2025-11-04,10:58:24-08:00,比特幣崩盤！跌破十萬！大跌才剛剛開始？插針危險！,https://www.youtube.com/watch?v=UvbRH_PrKL4,UvbRH_PrKL4
174,2025-11-03,11:00:54-08:00,BTC市場恐慌？一周開始就跌破！有沒有小反彈？,https://www.youtube.com/watch?v=68eMrF_Ib1s,68eMrF_Ib1s
175,2025-10-31,11:02:00-07:00,BTC努力反彈！但略顯乏力？能漲到XX就不容易了！,https://www.youtube.com/watch?v=qNSx0RmqUGI,qNSx0RmqUGI
176,2025-10-30,11:39:46-07:00,BTC徹底崩盤？長跌開始了？反彈是做空機會！,https://www.youtube.com/watch?v=d1QdzDlJMGs,d1QdzDlJMGs
177,2025-10-29,12:18:06-07:00,BTC反彈完了？迅猛下跌！缺口是否補足？,https://www.youtube.com/watch?v=AVa5veBBNLw,AVa5veBBNLw
178,2025-10-28,10:47:57-07:00,BTC不肯跌？缺口還是要補足？可能在蓄勢！,https://www.youtube.com/watch?v=8IcpLulGxC8,8IcpLulGxC8
179,2025-10-27,11:01:22-07:00,BTC果然漲上來！進入高危區！多空只在這一線？！,https://www.youtube.com/watch?v=uZalzpapIQY,uZalzpapIQY
180,2025-10-24,11:11:50-07:00,BTC極致盤整！上方缺口有吸引力？美股新高！,https://www.youtube.com/watch?v=1J1ueSDkjdA,1J1ueSDkjdA
181,2025-10-23,09:54:10-07:00,BTC盤整！無處可去？最好上來一下！之後呢？,https://www.youtube.com/watch?v=lWRw0L4d7-c,lWRw0L4d7-c
182,2025-10-22,10:12:24-07:00,BTC上下畫門！波動急劇放大！反彈實在太難了？,https://www.youtube.com/watch?v=VKQ8f6DxLMQ,VKQ8f6DxLMQ
183,2025-10-21,11:19:40-07:00,BTC仍能反彈？去補這個缺口！之後呢？,https://www.youtube.com/watch?v=RuQ4mjNYWD8,RuQ4mjNYWD8
184,2025-10-20,10:29:36-07:00,BTC反彈！做多？這次漲到哪？上方缺口在這！,https://www.youtube.com/watch?v=iwsvD2x3wN8,iwsvD2x3wN8
185,2025-10-17,11:23:33-07:00,BTC潰敗下跌！毫無反彈力量？不是金坑，是陷阱！,https://www.youtube.com/watch?v=I6nrQDEirzE,I6nrQDEirzE
186,2025-10-16,10:25:54-07:00,BTC還能跌？比特幣止跌關鍵：收復這價位……,https://www.youtube.com/watch?v=rPHj6NJGfMs,rPHj6NJGfMs
187,2025-10-15,10:39:18-07:00,BTC反彈無力！漲完了嗎？ETH呢？可能去這……！,https://www.youtube.com/watch?v=a1IRcHbIyN8,a1IRcHbIyN8
188,2025-10-14,11:05:43-07:00,BTC反彈無力！進入盤整區，向上或向下？何處加倉？,https://www.youtube.com/watch?v=dn4kEVz0OpE,dn4kEVz0OpE
189,2025-10-13,10:52:48-07:00,BTC暴跌大清算！砸出黃金坑？難得買入機會？或之後還跌？,https://www.youtube.com/watch?v=o7IjslOTpmU,o7IjslOTpmU
190,2025-10-10,11:46:25-07:00,BTC急跌！跌到哪？反彈做多？逢高做空！,https://www.youtube.com/watch?v=pXiF40zHhog,pXiF40zHhog
191,2025-10-09,11:43:38-07:00,BTC回抽不過！順暢下跌！反彈無力，大勢已去？ETH呢,https://www.youtube.com/watch?v=RgNY0wCO_34,RgNY0wCO_34
192,2025-10-08,10:33:31-07:00,BTC還反彈？這一帶，小心空頭陷阱！ETH還漲嗎？,https://www.youtube.com/watch?v=lq-eygisE68,lq-eygisE68
193,2025-10-07,10:35:09-07:00,BTC假突破？不要追多了！多次沖高，不要急躁！,https://www.youtube.com/watch?v=8E46keYyWhE,8E46keYyWhE
194,2025-10-06,10:25:37-07:00,BTC再創新高！滿月繼續漲？ETH也有新高？,https://www.youtube.com/watch?v=JKac-ibBfIw,JKac-ibBfIw
195,2025-10-03,10:47:57-07:00,BTC新高在即！繼續漲？小心掉頭！ETH上漲目標？,https://www.youtube.com/watch?v=Ur0TM197nNk,Ur0TM197nNk
196,2025-10-02,11:25:43-07:00,比特幣12萬！總算來到！是否做空？還去新高嗎？ETH呢,https://www.youtube.com/watch?v=2NZwECUrQSI,2NZwECUrQSI
197,2025-10-01,11:34:31-07:00,BTC強勢反彈！再破小前高！這次去120000？是否新高？,https://www.youtube.com/watch?v=YTKudTgsqsg,YTKudTgsqsg
198,2025-09-30,11:44:19-07:00,BTC反彈中繼！盤整一下，還能再漲？回調時上車？,https://www.youtube.com/watch?v=nIiko7t_O5w,nIiko7t_O5w
199,2025-09-29,11:18:03-07:00,BTC直線拉漲！島形反轉！反彈開始？目標在哪？ETH呢,https://www.youtube.com/watch?v=S43I1PNzdIo,S43I1PNzdIo
200,2025-09-26,10:40:31-07:00,BTC沒跌完！下跌目標是？之後還能漲？可能週末動！,https://www.youtube.com/watch?v=qwhHBQF2yoo,qwhHBQF2yoo
201,2025-09-25,11:33:52-07:00,BTC跌破！假突破後，直接去前低？毫無強勢，直接走壞？,https://www.youtube.com/watch?v=kkI8A5rGxEo,kkI8A5rGxEo
202,2025-09-24,11:09:50-07:00,BTC跌破收回！強勢出現，如期反彈？漲到哪去？,https://www.youtube.com/watch?v=3HTX8Sv8Dn4,3HTX8Sv8Dn4
203,2025-09-23,11:32:16-07:00,BTC仍下跌！一路向下不回頭？反彈是否有可能？,https://www.youtube.com/watch?v=1k5hLBdQU5E,1k5hLBdQU5E
204,2025-09-22,10:43:39-07:00,BTC新月開跌！一切才剛剛開始？還能反彈一下嗎？ETH也有點矛盾！,https://www.youtube.com/watch?v=72OJvFVhaUc,72OJvFVhaUc
205,2025-09-19,11:38:56-07:00,比特幣掉頭向下！馬上做空？還是再等等？關鍵臨界點！,https://www.youtube.com/watch?v=gpTGcJeuxqw,gpTGcJeuxqw
206,2025-09-18,11:36:50-07:00,BTC上攻！即將重回12萬！BNB上1000，山寨季？,https://www.youtube.com/watch?v=9dCrMSvNM8Q,9dCrMSvNM8Q
207,2025-09-17,11:01:30-07:00,BTC盤整蓄勢！直接突破？或先回踩？兩個交易計劃！,https://www.youtube.com/watch?v=UJXITLOg3yM,UJXITLOg3yM
208,2025-09-16,11:06:56-07:00,BTC繼續漲？還沒到位！到哪受阻？準備做空？,https://www.youtube.com/watch?v=RuSMsByLbeU,RuSMsByLbeU
209,2025-09-15,11:06:22-07:00,BTC強周線！繼續反彈？還能漲多高？以太ETH呢？,https://www.youtube.com/watch?v=twVyO7J8tlc,twVyO7J8tlc
210,2025-09-12,11:08:36-07:00,BTC反彈到…？見頂倒計時？大週期分析！ETH也同步？,https://www.youtube.com/watch?v=ACW--li2AqQ,ACW--li2AqQ
211,2025-09-11,10:27:32-07:00,BTC反彈穩了？不可跌回這條線！漲到XX就行了？,https://www.youtube.com/watch?v=PUUJ8CSshFE,PUUJ8CSshFE
212,2025-09-10,10:55:29-07:00,BTC總算突破！是真是假？突破做多，反手做空？,https://www.youtube.com/watch?v=r4ZgxJ7UrNo,r4ZgxJ7UrNo
213,2025-09-09,09:41:07-07:00,BTC潛在杯柄突破？最好先向下！ETH完全換手中……,https://www.youtube.com/watch?v=bwz0zeY9Apo,bwz0zeY9Apo
214,2025-09-08,10:26:34-07:00,BTC將反彈？盤整夠久，即將有動作！先去哪邊？,https://www.youtube.com/watch?v=y01K4Y_BkWM,y01K4Y_BkWM
215,2025-09-05,10:11:13-07:00,BTC漲不上去！難漲也難跌，到底去哪裡？ETH呢？,https://www.youtube.com/watch?v=yIlREx7ZOV8,yIlREx7ZOV8
216,2025-09-04,09:39:23-07:00,比特幣反彈受阻！支撐阻力線，實在難上！跌到哪去？,https://www.youtube.com/watch?v=rv80yyLIkOU,rv80yyLIkOU
217,2025-09-03,10:04:07-07:00,BTC繼續反彈！臨近阻力位，是上是下？關鍵分界！,https://www.youtube.com/watch?v=zB3gckw68Bk,zB3gckw68Bk
218,2025-09-02,07:45:58-07:00,比特幣反彈！這次漲到哪？做空機會？ETH呢？,https://www.youtube.com/watch?v=jKWeWY-aqeY,jKWeWY-aqeY
219,2025-09-01,11:44:24-07:00,BTC周線走壞！現貨賣不賣？合約做空？我的想法……,https://www.youtube.com/watch?v=QmYtzvdkXDE,QmYtzvdkXDE
220,2025-08-29,11:57:19-07:00,BTC徹底跌破！事出反常？兩年來第一次！得改變思維！,https://www.youtube.com/watch?v=dF-KcPC8Xls,dF-KcPC8Xls
221,2025-08-28,10:00:08-07:00,BTC翻回！如果撐住，將去12萬？ETH反彈受阻？,https://www.youtube.com/watch?v=W3QUCGma5kw,W3QUCGma5kw
222,2025-08-27,10:14:00-07:00,BTC將反彈？收回這條線！ETH可能去更高？暫未受阻！,https://www.youtube.com/watch?v=1j-ijg8aV5A,1j-ijg8aV5A
223,2025-08-26,10:19:55-07:00,BTC跌破！非常弱！有無回彈？做空？ETH賣不賣？,https://www.youtube.com/watch?v=EMqCobrhauI,EMqCobrhauI
224,2025-08-25,10:44:44-07:00,BTC頹勢初現？周線MACD死叉！ETH假突破？,https://www.youtube.com/watch?v=zd4GuISYgyE,zd4GuISYgyE
225,2025-08-22,12:05:19-07:00,BTC死生之地，選擇生！再創新高？ETH穩穩的！,https://www.youtube.com/watch?v=zgvOmLAljV4,zgvOmLAljV4
226,2025-08-21,11:38:02-07:00,BTC非跌破不可？多空之間，生死一線！ETH呢？,https://www.youtube.com/watch?v=GnrGl15YHCU,GnrGl15YHCU
227,2025-08-20,10:03:47-07:00,BTC觸底反彈？ETH也臨近趨勢線！突破或有反彈！留意！,https://www.youtube.com/watch?v=fcmyDVjeLi4,fcmyDVjeLi4
228,2025-08-19,11:04:31-07:00,比特幣見頂？BTC派發區間？這條線不能跌破！ETH呢？,https://www.youtube.com/watch?v=qp9ig4fD6AU,qp9ig4fD6AU
229,2025-08-18,13:00:49-07:00,BTC周線不妙？回抽做空？留意MACD背離！ETH還行嗎？,https://www.youtube.com/watch?v=R_ojpFb3qh4,R_ojpFb3qh4
230,2025-08-15,12:17:48-07:00,BTC下跌才開始？是否有反彈？ETH還去新高嗎？,https://www.youtube.com/watch?v=LVX3P0Po274,LVX3P0Po274
231,2025-08-14,11:17:06-07:00,比特幣大跳水！看跌吞沒？見頂？ETH還去4800嗎？,https://www.youtube.com/watch?v=ok2B3yds9U0,ok2B3yds9U0
232,2025-08-13,10:56:55-07:00,BTC強反彈！ETH去4800？歷史高點臨近！山寨有機會……,https://www.youtube.com/watch?v=uIDh0hU3yIw,uIDh0hU3yIw
233,2025-08-12,12:03:34-07:00,BTC重回12萬！ETH沖上4500！能否再漲？,https://www.youtube.com/watch?v=NTBELD9V-04,NTBELD9V-04
234,2025-08-11,11:30:26-07:00,比特幣12萬！漲到這就行？遇到了拋壓！BTC、ETH能否再漲？,https://www.youtube.com/watch?v=2gHsllbdqZ0,2gHsllbdqZ0
235,2025-08-08,11:19:05-07:00,以太4000！一切剛剛開始？或熱鬧將散場？BTC被搶風頭！,https://www.youtube.com/watch?v=M5gQE_KkC00,M5gQE_KkC00
236,2025-08-07,10:21:41-07:00,BTC強勢站回！能創新高？ETH真去15000？關鍵！,https://www.youtube.com/watch?v=nG6OuAYXpwo,nG6OuAYXpwo
237,2025-08-06,10:42:19-07:00,BTC如期反彈！W底形成？多空之間，小心！,https://www.youtube.com/watch?v=O84YKP2q3A0,O84YKP2q3A0
238,2025-08-05,10:44:51-07:00,BTC在懸崖邊！撐住還能漲，跌破就完了！先看這一帶……,https://www.youtube.com/watch?v=nsntbye926s,nsntbye926s
239,2025-08-04,11:15:57-07:00,BTC撐住反彈！重回區間，能再漲？ETH還沒完？,https://www.youtube.com/watch?v=hbXsR_FkV-Y,hbXsR_FkV-Y
240,2025-08-01,11:48:43-07:00,比特幣急跌！能漲回去嗎？美股Coinbase怎麼了？,https://www.youtube.com/watch?v=E3y2oWGzqMI,E3y2oWGzqMI
241,2025-07-31,11:04:53-07:00,BTC急跌反彈！正常回踩？ETH還上去嗎？,https://www.youtube.com/watch?v=ZzgftPSG1kw,ZzgftPSG1kw
242,2025-07-30,11:04:07-07:00,BTC盤後再漲！跌到哪做多？ETH可能這麼走……,https://www.youtube.com/watch?v=5rlYAHFpB5c,5rlYAHFpB5c
243,2025-07-29,10:41:02-07:00,BTC反彈？VAL得到支撐！繼續向上？,https://www.youtube.com/watch?v=WKW1srX184E,WKW1srX184E
244,2025-07-28,11:58:23-07:00,BTC沖高回落？ETH失勢跌回！還漲嗎？回踩做多嗎？,https://www.youtube.com/watch?v=lcgeuOhzgH8,lcgeuOhzgH8
245,2025-07-25,11:35:34-07:00,BTC跌到位！還跌嗎？可以做多嗎？ETH漲完了？,https://www.youtube.com/watch?v=Zaig7kZqEis,Zaig7kZqEis
246,2025-07-24,11:01:06-07:00,BTC極致盤整！醞釀大波動？ETH強勢回彈，突破趨勢線！,https://www.youtube.com/watch?v=TfV2uVbY_PE,TfV2uVbY_PE
247,2025-07-23,11:00:58-07:00,BTC看漲吞沒卻下跌？ETH初現大陰線，漲到頭了？,https://www.youtube.com/watch?v=_ffKeeaJsNA,_ffKeeaJsNA
248,2025-07-22,11:45:48-07:00,BTC穩定盤整！ETH漲不動了嗎？蓄勢中……,https://www.youtube.com/watch?v=fNHofuDEIrs,fNHofuDEIrs
249,2025-07-21,11:41:47-07:00,BTC還跌？ETH還漲！目標位多少？山寨熱度起來了！,https://www.youtube.com/watch?v=Ymfq_AatGu0,Ymfq_AatGu0
250,2025-07-18,11:11:01-07:00,BTC難漲！ETH沖高，一步去4100？山寨有機會？！,https://www.youtube.com/watch?v=H0dzVPCCam4,H0dzVPCCam4
251,2025-07-17,10:57:20-07:00,BTC將回調？ETH將新高?! BTC和ETH，分別去哪裡？,https://www.youtube.com/watch?v=Q2A780bVOSA,Q2A780bVOSA
252,2025-07-16,10:25:51-07:00,大餅漲完以太漲！ETH去4100？之後山寨漲？,https://www.youtube.com/watch?v=1IDc-00_4Ms,1IDc-00_4Ms
253,2025-07-15,11:21:15-07:00,BTC重挫！看跌吞沒？巨量追多，除非清掉，否則難漲！ETH接棒上漲？,https://www.youtube.com/watch?v=aKjTKLWDJFU,aKjTKLWDJFU
254,2025-07-14,11:49:05-07:00,比特幣12萬！忍不住追高？小心回調！BTC、ETH多空機會！,https://www.youtube.com/watch?v=JSUoJfEZyH4,JSUoJfEZyH4
255,2025-07-11,11:21:05-07:00,BTC歷史新高！有人恐高，有人追高，我計劃這樣！ETH和山寨跟漲！,https://www.youtube.com/watch?v=od2lrw6VzPA,od2lrw6VzPA
256,2025-07-10,11:15:28-07:00,113666！BTC歷史新高！比特幣VCP突破？見好就收？還是繼續沖？ETH、Trump漲漲漲！,https://www.youtube.com/watch?v=8nwKVrHVpp4,8nwKVrHVpp4
257,2025-07-09,11:06:09-07:00,BTC盤整向上！空頭不耐煩，資金費又負了？ETH穩穩漲！,https://www.youtube.com/watch?v=FJ_j6u19b5g,FJ_j6u19b5g
258,2025-07-08,10:54:26-07:00,比特幣蓄勢待發！流動性在哪？ETH漲到這做空？,https://www.youtube.com/watch?v=F_Z7iQqDk4I,F_Z7iQqDk4I
259,2025-07-07,11:26:45-07:00,比特幣11萬太難！真上不去了？BTC、ETH分析！,https://www.youtube.com/watch?v=E1mxd-2hDgA,E1mxd-2hDgA
260,2025-07-04,11:37:00-07:00,BTC觸頂110000？前高摸一下就跌！周線背離走出來？,https://www.youtube.com/watch?v=44-jVHEhOAY,44-jVHEhOAY
261,2025-07-03,10:42:12-07:00,比特幣11萬！馬上新高？突破做多，還是準備做空？eth呢,https://www.youtube.com/watch?v=3ayFnswbR2M,3ayFnswbR2M
262,2025-07-02,11:44:29-07:00,BTC臨近新高！三角突破做多？留意轉空！ETH去2900？,https://www.youtube.com/watch?v=hgnj0C-AmAs,hgnj0C-AmAs
263,2025-07-01,11:05:42-07:00,BTC看跌吞沒！是見頂了？還是仍在盤整中？成交量萎縮！,https://www.youtube.com/watch?v=fXiDocwA_XQ,fXiDocwA_XQ
264,2025-06-30,11:21:56-07:00,比特幣多空雙殺！清掉止損後，到底去哪？BTC、ETH分析！,https://www.youtube.com/watch?v=OjRJy35pCl8,OjRJy35pCl8
265,2025-06-27,11:26:44-07:00,BTC不上不下！漲勢全無？比特幣在做什麼？我們做什麼？,https://www.youtube.com/watch?v=X14tIBz4g28,X14tIBz4g28
266,2025-06-26,11:19:22-07:00,BTC停住了！懸浮中，向上還是向下？ETH偏弱！,https://www.youtube.com/watch?v=poHKvz9IdZc,poHKvz9IdZc
267,2025-06-25,11:39:51-07:00,BTC不回調？做多的越來越多！上方有吸引力？ETH呢,https://www.youtube.com/watch?v=2npYGLKEUaA,2npYGLKEUaA
268,2025-06-24,10:58:18-07:00,BTC強看漲吞沒！比特幣再去11萬？做空嗎？ETH剛開始！,https://www.youtube.com/watch?v=X1xGvm8QktM,X1xGvm8QktM
269,2025-06-23,11:57:57-07:00,比特幣強反彈！戰爭開打，做多BTC？以太ETH有好機會！,https://www.youtube.com/watch?v=AvlYu7m3Z6Y,AvlYu7m3Z6Y
270,2025-06-22,12:43:37-07:00,三戰恐慌！比特幣跌破10萬！賣掉一切？是危機，也是機會！,https://www.youtube.com/watch?v=Zux5Gk7qTX4,Zux5Gk7qTX4
271,2025-06-20,11:58:19-07:00,BTC急跌！前低跌破！跌到位了嗎？還能漲嗎？ETH呢,https://www.youtube.com/watch?v=AcSHkqfieeM,AcSHkqfieeM
272,2025-06-19,11:53:46-07:00,BTC先得跌！然後才漲？空頭已擁擠，看漲背離！,https://www.youtube.com/watch?v=klIVZYYv61g,klIVZYYv61g
273,2025-06-18,11:51:53-07:00,BTC看漲背離！最好再跌一點？跌到哪？ETH一樣！,https://www.youtube.com/watch?v=3TDU2Vd8yZQ,3TDU2Vd8yZQ
274,2025-06-17,11:53:54-07:00,BTC急跌！世界大戰？有人拋售現貨！反彈還有嗎？,https://www.youtube.com/watch?v=5PDi7-nQ_PI,5PDi7-nQ_PI
275,2025-06-16,10:31:07-07:00,BTC觸底反彈！C浪開啟！漲去新高？ETH去2900？,https://www.youtube.com/watch?v=XY7akE_lEhk,XY7akE_lEhk
276,2025-06-13,12:06:07-07:00,BTC戰爭急跌！B浪？即將C浪上漲！？ETH相對底部？,https://www.youtube.com/watch?v=ZF13wcTSY8c,ZF13wcTSY8c
277,2025-06-12,12:51:48-07:00,BTC下跌！缺口補上了！跌到位了？ETH假突破？,https://www.youtube.com/watch?v=MmwqAh56bKs,MmwqAh56bKs
278,2025-06-11,11:36:01-07:00,BTC受阻回調！還漲回來？ETH新一輪上漲？,https://www.youtube.com/watch?v=1dvIio0I80Y,1dvIio0I80Y
279,2025-06-10,11:49:14-07:00,BTC反彈11萬！毫無回調？ETH強勢啟動，繼續漲？,https://www.youtube.com/watch?v=wd29ot8LwjU,wd29ot8LwjU
280,2025-06-09,11:44:46-07:00,這反彈，一眨眼就十萬八千！BTC莫非還有新高？目標位是？,https://www.youtube.com/watch?v=ypLKi8oi3-Y,ypLKi8oi3-Y
281,2025-06-06,11:39:27-07:00,BTC觸底！當然做多！馬斯克川普吵架，促成五浪見底！三浪反彈來了？,https://www.youtube.com/watch?v=uCYkQJjBSCM,uCYkQJjBSCM
282,2025-06-05,11:13:25-07:00,BTC急跌！前低難保？超跌反彈做多！？ETH去多少？,https://www.youtube.com/watch?v=7PdTaZZ1gm4,7PdTaZZ1gm4
283,2025-06-04,10:46:26-07:00,BTC下跌五浪？準備做多！？ETH遇阻！上不去？,https://www.youtube.com/watch?v=2j-hXY2wX8o,2j-hXY2wX8o
284,2025-06-03,11:18:47-07:00,比特幣106000受阻！還有一跌？到哪有支撐？ETH還行？,https://www.youtube.com/watch?v=JHpFJ1hNjBQ,JHpFJ1hNjBQ
285,2025-06-02,10:56:06-07:00,BTC看跌周線！跌到哪反彈？10萬能撐住？ETH有希望嗎？,https://www.youtube.com/watch?v=szcdqWifPMc,szcdqWifPMc
286,2025-05-30,11:30:48-07:00,BTC順跌！103500，絲毫不反彈？ETH假突破確認？,https://www.youtube.com/watch?v=2MFAZhQZqW0,2MFAZhQZqW0
287,2025-05-29,10:47:44-07:00,BTC緩跌！假突破後，回抽不過！ETH也假突破？？,https://www.youtube.com/watch?v=sgrhPu-xphA,sgrhPu-xphA
288,2025-05-28,14:26:19-07:00,BTC回抽不過！假突破後，11萬難再上？ETH不跌！？,https://www.youtube.com/watch?v=zkEFXci0-nk,zkEFXci0-nk
289,2025-05-27,12:54:26-07:00,BTC不肯跌！危險解除？11萬反復測試！ETH去2800！？,https://www.youtube.com/watch?v=fY5V0WiaR_A,fY5V0WiaR_A
290,2025-05-26,11:35:45-07:00,BTC假突破！11萬見頂了？一些危險信號！,https://www.youtube.com/watch?v=xLnJ4LKsJq0,xLnJ4LKsJq0
291,2025-05-23,11:25:52-07:00,BTC假突破！看跌吞沒？見頂了？今天日線很重要！,https://www.youtube.com/watch?v=_s_cl8vChi8,_s_cl8vChi8
292,2025-05-22,12:54:23-07:00,111111！BTC新高！突破才是開始？繼續漲？如果跌回……！,https://www.youtube.com/watch?v=YLzL7nv6Iaw,YLzL7nv6Iaw
293,2025-05-21,10:25:36-07:00,比特幣11萬！差一點新高！是否跌回？$Trump還不錯！,https://www.youtube.com/watch?v=u5pExD74gNM,u5pExD74gNM
294,2025-05-20,10:53:09-07:00,BTC看漲背離？太多人做空！爆空頭，去新高？川普幣縮量盤整！,https://www.youtube.com/watch?v=oODw3hPYN-c,oODw3hPYN-c
295,2025-05-19,12:09:17-07:00,比特幣107000假突破！沒人買了？賣方增多！短空？,https://www.youtube.com/watch?v=fF6-0ygrzNU,fF6-0ygrzNU
296,2025-05-16,11:12:05-07:00,BTC五浪見頂？還能不能新高？至少……等一個突破！,https://www.youtube.com/watch?v=t_UYVIc71hM,t_UYVIc71hM
297,2025-05-15,11:02:21-07:00,BTC未見頹勢！繼續上漲？資金費降低！ETH更強？,https://www.youtube.com/watch?v=8gxjYY1Aszk,8gxjYY1Aszk
298,2025-05-14,10:50:45-07:00,BTC遇阻？盤起來了！還去新高嗎？ETH去2800？,https://www.youtube.com/watch?v=9zhMOo9HLu8,9zhMOo9HLu8
299,2025-05-13,10:51:22-07:00,BTC盤整後，是漲是跌？漲到多少可能回調？ETH仍強勢！,https://www.youtube.com/watch?v=xtRMpb5WF-Q,xtRMpb5WF-Q
300,2025-05-12,11:11:04-07:00,BTC新高一步之遙？105000受挫！BTC、ETH、SPX、TSLA分析！,https://www.youtube.com/watch?v=vBwvA8cNt7c,vBwvA8cNt7c
301,2025-05-09,10:35:02-07:00,BTC重奪十萬！去新高？ETH暴漲！Trump有機會？,https://www.youtube.com/watch?v=Nn2Jr1GCEeM,Nn2Jr1GCEeM
302,2025-05-08,09:06:00-07:00,BTC回十萬！繼續漲？還沒完！ETH上2000，繼續走強？！,https://www.youtube.com/watch?v=3h-x2Txl-_s,3h-x2Txl-_s
303,2025-05-07,09:31:20-07:00,BTC空頭掉入陷阱？小級別轉強！98000可期？,https://www.youtube.com/watch?v=3y9w_6FBAUk,3y9w_6FBAUk
304,2025-05-06,01:42:48-07:00,BTC回調開始？趨勢沒走壞，但可能跌到……？,https://www.youtube.com/watch?v=6XcejO7-CQ4,6XcejO7-CQ4
305,2025-05-03,01:47:13-07:00,BTC受阻？盤整突破，卻不漲！是否回調，做空對沖？,https://www.youtube.com/watch?v=nkgHlzEBGqU,nkgHlzEBGqU
306,2025-05-02,03:13:34-07:00,比特幣97000，強阻力！換手區+0.618！若回調，是機會！,https://www.youtube.com/watch?v=b5ru-tt4YOI,b5ru-tt4YOI
307,2025-05-01,02:53:08-07:00,BTC下個大動作？96000太多流動性！回踩再漲，還是直接向上？,https://www.youtube.com/watch?v=MIcaS5xuD4s,MIcaS5xuD4s
308,2025-04-29,11:35:19-07:00,BTC強勢盤整！未必回踩？底底高，向上突破？ETH也不錯！,https://www.youtube.com/watch?v=CeootydbflA,CeootydbflA
309,2025-04-28,12:24:49-07:00,BTC目標是新高？但可能回調！跌到哪？買入做多機會？,https://www.youtube.com/watch?v=FkjhLQvNxa8,FkjhLQvNxa8
310,2025-04-25,12:14:04-07:00,比特幣95000！不宜做空？還能繼續漲？多數人心急！,https://www.youtube.com/watch?v=9neuJWEDizY,9neuJWEDizY
311,2025-04-24,11:21:57-07:00,BTC還有得漲？做空別急！至少等到這……ETH也還行？,https://www.youtube.com/watch?v=knXtEp2f61s,knXtEp2f61s
312,2025-04-23,10:59:27-07:00,比特幣94000！再漲一點有強阻？ETH強勢出現？TRUMP有機會？,https://www.youtube.com/watch?v=r8hZwInZC3I,r8hZwInZC3I
313,2025-04-22,09:32:13-07:00,比特幣91000！突破前高，更高的高點！市場框架，徹底轉變！,https://www.youtube.com/watch?v=Bel-YipMTMY,Bel-YipMTMY
314,2025-04-21,09:29:57-07:00,BTC突破盤整！沒人賣，只能漲！黃金新高，比特幣跟上？,https://www.youtube.com/watch?v=C17DSWl6a6I,C17DSWl6a6I
315,2025-04-18,11:11:55-07:00,BTC失重狀態！不上不下，因為沒拋壓？流動性在哪？,https://www.youtube.com/watch?v=pXpRuApeAAQ,pXpRuApeAAQ
316,2025-04-15,12:21:15-07:00,BTC盤整蓄勢？早盤發生了假突破！跌到哪？,https://www.youtube.com/watch?v=Zxn8WSxDg00,Zxn8WSxDg00
317,2025-04-14,11:32:33-07:00,BTC周線強勢！反彈開始？滿月回踩做多？ETH呢？,https://www.youtube.com/watch?v=hkV0QAIUIQE,hkV0QAIUIQE
318,2025-04-11,08:41:57-07:00,BTC企穩反彈！再次向上突破？清晰的多空計劃！,https://www.youtube.com/watch?v=tf2gLrq1vkI,tf2gLrq1vkI
319,2025-04-10,09:40:47-07:00,BTC暴拉後回踩！這車能上不？XX這一帶能撐住！？,https://www.youtube.com/watch?v=SdXt8dMEgX0,SdXt8dMEgX0
320,2025-04-09,11:00:06-07:00,BTC觸底反彈？再大利空，也跌無可跌？上漲在即！？,https://www.youtube.com/watch?v=MisdnWoyuU8,MisdnWoyuU8
321,2025-04-08,10:29:49-07:00,巨量！BTC底部信號？小心再加中國關稅！,https://www.youtube.com/watch?v=kE2C0qkH5PE,kE2C0qkH5PE
322,2025-04-07,10:44:58-07:00,全球貿易戰！BTC跌下80000！反彈無望！？ETH跌到1500！,https://www.youtube.com/watch?v=unWIqwVTfT8,unWIqwVTfT8
323,2025-04-04,12:20:33-07:00,美股暴崩！BTC不跌反漲？跌不動了？或遲早跟跌？多空計劃！,https://www.youtube.com/watch?v=NpLSJKZGans,NpLSJKZGans
324,2025-04-03,08:40:11-07:00,比特幣假突破！只因川普加關稅？全球化結束！調轉方向！,https://www.youtube.com/watch?v=Y-dqOr4vb7k,Y-dqOr4vb7k
325,2025-04-02,08:36:00-07:00,BTC突破！下降趨勢線，臨近突破！春天來了？別跌回！,https://www.youtube.com/watch?v=kPCmDusGbvs,kPCmDusGbvs
326,2025-04-01,09:18:09-07:00,BTC觸底反彈？0.618得到支撐！ETH先突破趨勢線？,https://www.youtube.com/watch?v=s70bZf7spQw,s70bZf7spQw
327,2025-03-31,09:04:02-07:00,BTC跌到82000！回踩0.618！向上突破趨勢線？,https://www.youtube.com/watch?v=kUeYe72gGGk,kUeYe72gGGk
328,2025-03-28,12:18:36-07:00,BTC趨勢線壓制！跌下83K！回踩一下，下次再來？,https://www.youtube.com/watch?v=6ahMbq5LCpE,6ahMbq5LCpE
329,2025-03-27,09:55:29-07:00,BTC形態清晰！早盤假跌破，收回牛旗待突破？！ETH、TSLA分析！,https://www.youtube.com/watch?v=1324KMnsd9Y,1324KMnsd9Y
330,2025-03-26,09:32:38-07:00,BTC蓄勢待發？趨勢線等待突破！ETH受阻了？,https://www.youtube.com/watch?v=SqJp8r7qUMY,SqJp8r7qUMY
331,2025-03-25,09:20:44-07:00,BTC蓄力突破！趨勢線附近有機會！ETH若站回或暴漲！,https://www.youtube.com/watch?v=n7x882piJc4,n7x882piJc4
332,2025-03-24,08:41:00-07:00,BTC站回85K！即將突破下降趨勢線？ETH一樣有機會！,https://www.youtube.com/watch?v=EXw0NvQsry8,EXw0NvQsry8
333,2025-03-21,11:05:11-07:00,BTC跌回！突破失敗？小心空頭陷阱！ETH還有希望？,https://www.youtube.com/watch?v=4JNhvwJOlTM,4JNhvwJOlTM
334,2025-03-20,09:36:14-07:00,BTC回踩？小心假突破！ETH還能行嗎？$TRUMP呢？,https://www.youtube.com/watch?v=80kuJjI8Vnk,80kuJjI8Vnk
335,2025-03-19,09:45:49-07:00,BTC減息日利好？再戰85150！ETH重回1988，領漲？,https://www.youtube.com/watch?v=2GI2Bu_xM78,2GI2Bu_xM78
336,2025-03-18,09:04:21-07:00,BTC待漲？負費率密集出現！回踩0.618/0.66？值得期待！,https://www.youtube.com/watch?v=S3mk5SA-sN4,S3mk5SA-sN4
337,2025-03-17,09:15:08-07:00,BTC滿月看漲？85K受阻！資金費為負，下跌就買入？ETH等1988！,https://www.youtube.com/watch?v=hB-IZIfAZrg,hB-IZIfAZrg
338,2025-03-14,08:48:06-07:00,BTC重回85000！確認反彈？不可跌回！ETH只要站上1988……,https://www.youtube.com/watch?v=dJUAwMjsVgA,dJUAwMjsVgA
339,2025-03-13,08:52:53-07:00,BTC回踩！做多機會？跌到XX再看！ETH沒戲？總統買幣安？,https://www.youtube.com/watch?v=CZGO1HCjUgk,CZGO1HCjUgk
340,2025-03-12,08:19:38-07:00,比特幣3·12暴跌？早盤獵殺止損！看漲吞沒還有效嗎？,https://www.youtube.com/watch?v=y3c5ucE8CJ0,y3c5ucE8CJ0
341,2025-03-11,10:31:02-07:00,比特幣76K缺口補上了！破底反彈，看漲吞沒？美股繼續跌，BTC跌不動了？,https://www.youtube.com/watch?v=cAogc5dg69Y,cAogc5dg69Y
342,2025-03-10,10:31:01-07:00,美股崩盤，BTC跌破80000！繼續跌？ETH跌下2000！,https://www.youtube.com/watch?v=noEgfvwckSE,noEgfvwckSE
343,2025-03-07,07:38:52-08:00,美國囤幣！真利好？BTC和ETH先跌後漲，謹慎做多？,https://www.youtube.com/watch?v=MZgoSU7Y0W8,MZgoSU7Y0W8
344,2025-03-06,12:35:12-08:00,美股崩潰！BTC相對強勢！若跌下來，還能買嗎？ETH走強？,https://www.youtube.com/watch?v=Lgonf9O-kKE,Lgonf9O-kKE
345,2025-03-05,10:16:55-08:00,BTC重回90000！反彈95000？ETH值得一試？TRUMP還不行？,https://www.youtube.com/watch?v=9psA3S0xcjs,9psA3S0xcjs
346,2025-03-04,10:39:07-08:00,BTC極大波動！85150仍是參考！ETH總算跌破！,https://www.youtube.com/watch?v=fNzZbY9z8ac,fNzZbY9z8ac
347,2025-03-03,09:04:25-08:00,比特幣暴拉95K！美國儲備BTC！繼續漲？在哪上車？,https://www.youtube.com/watch?v=bHF65uFSCeA,bHF65uFSCeA
348,2025-02-28,09:54:18-08:00,比特幣78K絕地反彈！關鍵是：85K能否站上去？ETH跌到位了嗎？,https://www.youtube.com/watch?v=C0hFsk4DuZY,C0hFsk4DuZY
349,2025-02-27,11:00:33-08:00,BTC最低82000！跌到位了嗎？何時反彈？ETH下2000？,https://www.youtube.com/watch?v=4lXpF7hFIgQ,4lXpF7hFIgQ
350,2025-02-26,08:58:00-08:00,BTC跌到85150？收回89100？兩個做多位置！ETH類似！,https://www.youtube.com/watch?v=JNzOBcApX8Y,JNzOBcApX8Y
351,2025-02-25,10:59:53-08:00,比特幣跌破90000！接下來去哪？做多？！ETH跌到一千多？,https://www.youtube.com/watch?v=agSSC-xk-_c,agSSC-xk-_c
352,2025-02-24,16:03:44-08:00,BTC急跌！利空發酵？美股連帶？兩個地方等反彈！$TRUMP吸籌？,https://www.youtube.com/watch?v=ST85z5FEeTE,ST85z5FEeTE
353,2025-02-21,10:00:10-08:00,Bybit被盜14億ETH！比特幣假突破！跌回是做空信號？,https://www.youtube.com/watch?v=-TsG98gP6OQ,-TsG98gP6OQ
354,2025-02-20,07:54:52-08:00,BTC臨近趨勢線！即將突破？橫盤夠久，上漲夠高！,https://www.youtube.com/watch?v=EPYdXXsUW2Q,EPYdXXsUW2Q
355,2025-02-19,08:16:01-08:00,BTC前低收回！唯一交易機會是？我對eth的看法……,https://www.youtube.com/watch?v=u2kK5IE2aCA,u2kK5IE2aCA
356,2025-02-18,09:23:02-08:00,BTC跌出盤整區？$Trump跌回！主力吸籌跡象？,https://www.youtube.com/watch?v=iUPLF2h7s_0,iUPLF2h7s_0
357,2025-02-17,09:11:40-08:00,BTC波動去哪了？沒有交易，除非走出盤整區！,https://www.youtube.com/watch?v=tIGp5_qYNNM,tIGp5_qYNNM
358,2025-02-14,08:24:14-08:00,BTC盤整，但$TRUMP暴漲30%！熱度又來？上車？！,https://www.youtube.com/watch?v=0kSEbYX4hLk,0kSEbYX4hLk
359,2025-02-13,09:05:23-08:00,BTC謎團纏繞！千頭萬緒，走不出來！ETH假突破？空它？！,https://www.youtube.com/watch?v=UrHaihYluqE,UrHaihYluqE
360,2025-02-12,07:49:22-08:00,BTC一直盤整！了無頭緒？目前最好的策略是？,https://www.youtube.com/watch?v=FqVcYUrYWQ0,FqVcYUrYWQ0
361,2025-02-11,08:05:01-08:00,BTC盤整更久？仍有下跌空間？不上不下，要小心！,https://www.youtube.com/watch?v=PqbpptSmfDQ,PqbpptSmfDQ
362,2025-02-10,08:21:55-08:00,BTC縮量盤整！蓄勢上漲？只一個交易計劃！,https://www.youtube.com/watch?v=YAF4KU1YRiI,YAF4KU1YRiI
363,2025-02-07,07:28:51-08:00,BTC如期反彈！重回十萬！這次漲到哪？回踩多少上車？！,https://www.youtube.com/watch?v=rp9tZshGOJQ,rp9tZshGOJQ
364,2025-02-06,08:24:00-08:00,BTC反彈無力！還得跌一下？識別假突破！,https://www.youtube.com/watch?v=Stpgbr2mqOc,Stpgbr2mqOc
365,2025-02-05,07:52:55-08:00,BTC跌到位了嗎？如果來這會更好！$TRUMP，等待吸籌區？,https://www.youtube.com/watch?v=C4Bvek7Lwes,C4Bvek7Lwes
366,2025-02-04,09:30:48-08:00,BTC巨量買盤，一天一萬！漲勢繼續？ETH呢？,https://www.youtube.com/watch?v=x1-YPpRS-Sk,x1-YPpRS-Sk
367,2025-02-03,09:11:04-08:00,BTC大暴跌！一次洗盤，20億爆倉！完全走壞？趨勢還在嗎？,https://www.youtube.com/watch?v=_pXoDekir5Q,_pXoDekir5Q
368,2025-01-31,08:38:06-08:00,BTC繼續漲？ETH悄悄突破！真突破？假突破？,https://www.youtube.com/watch?v=TkqlT69U0dw,TkqlT69U0dw
369,2025-01-30,08:09:09-08:00,BTC突破！前方目標是？去11萬嗎？ETH有機會！？,https://www.youtube.com/watch?v=AtX3s7zYTJk,AtX3s7zYTJk
370,2025-01-29,07:57:10-08:00,BTC蓄力中！盤口依然看漲？只需留意一條趨勢線！,https://www.youtube.com/watch?v=cfA8Ign0roM,cfA8Ign0roM
371,2025-01-28,08:25:43-08:00,BTC還去11萬？重回三角，相對強勢！繼續上漲？,https://www.youtube.com/watch?v=Q2e227GXpF0,Q2e227GXpF0
372,2025-01-27,08:03:44-08:00,BTC走出盤整！上下獵殺止損！上漲無望了？它收了回去……,https://www.youtube.com/watch?v=5dTm2Ajo7dU,5dTm2Ajo7dU
373,2025-01-24,08:20:44-08:00,BTC三角將突破！之後去哪？以太ETH蓄勢待發！,https://www.youtube.com/watch?v=oNTwKuZ8RFg,oNTwKuZ8RFg
374,2025-01-23,09:51:45-08:00,BTC盤整中看漲？突破11萬？現在怎麼做？ETH呢？,https://www.youtube.com/watch?v=1IC3K2H_rsU,1IC3K2H_rsU
375,2025-01-22,08:31:57-08:00,BTC區間盤整！向上或向下？蓄勢待發？ETH怎麼了！？,https://www.youtube.com/watch?v=saaUqoeKkZM,saaUqoeKkZM
376,2025-01-21,08:18:26-08:00,川普上任跌九千！見頂信號？做空？有不同看法！,https://www.youtube.com/watch?v=Qm1xSotbdCo,Qm1xSotbdCo
377,2025-01-20,08:29:15-08:00,BTC十一萬！新高！川普就職，利好出盡？Trump幣，買？,https://www.youtube.com/watch?v=eLwQeWk68wY,eLwQeWk68wY
378,2025-01-17,08:27:21-08:00,比特幣105000！最好的做多交易！川普上台創新高？ETH跟漲？,https://www.youtube.com/watch?v=rvHmXvPVRvM,rvHmXvPVRvM
379,2025-01-16,09:35:44-08:00,BTC再上十萬！突破中！目標漲到哪？ETH待突破，XRP式暴漲？,https://www.youtube.com/watch?v=_oIWE2AiTOo,_oIWE2AiTOo
380,2025-01-15,08:46:17-08:00,BTC漲回99000！再測十萬？臨近趨勢線！受阻怎麼辦？ETH呢,https://www.youtube.com/watch?v=sz78hNrk6Vg,sz78hNrk6Vg
381,2025-01-14,07:44:27-08:00,BTC漲八千！昨天89000，今天97000！繼續漲？ETH重回3000！,https://www.youtube.com/watch?v=OB1WJoO66-c,OB1WJoO66-c
382,2025-01-13,08:22:29-08:00,比特幣89000！超跌反彈？ETH跌下3000，補缺口？,https://www.youtube.com/watch?v=xH-rlW-DHyQ,xH-rlW-DHyQ
383,2025-01-10,07:32:32-08:00,BTC期貨反彈！可能跌更低？去89000嗎？,https://www.youtube.com/watch?v=4tI9GKMQzXw,4tI9GKMQzXw
384,2025-01-09,06:51:57-08:00,BTC跌勢不止！跌去89K？反彈嗎？！ETH下3000？加州火勢不止！,https://www.youtube.com/watch?v=YFKsKq6m-w0,YFKsKq6m-w0
385,2025-01-08,07:58:43-08:00,BTC跌至94K！毫無反彈跡象？有人追空嗎？,https://www.youtube.com/watch?v=-N-dPCUcEKc,-N-dPCUcEKc
386,2025-01-07,09:30:03-08:00,BTC偷跑！跌下十萬！有人偷跑？ETH假突破？！,https://www.youtube.com/watch?v=Kq8WlMu6UkE,Kq8WlMu6UkE
387,2025-01-06,08:58:08-08:00,比特幣103000！馬上新高？ETH突破！山寨機會！,https://www.youtube.com/watch?v=409RMJD6TJw,409RMJD6TJw
388,2025-01-03,08:03:53-08:00,BTC上98000？ETH杯柄突破！山寨季？機會滿天飛！,https://www.youtube.com/watch?v=9sjhHVFYP3c,9sjhHVFYP3c
389,2025-01-02,08:32:08-08:00,BTC如期反彈！報復性做空？10萬大賣單？前高小心！,https://www.youtube.com/watch?v=eW4OIk3KVhc,eW4OIk3KVhc
390,2025-01-01,07:19:52-08:00,BTC仍反彈！為什麼跌到這？要漲去哪？2025不一樣！,https://www.youtube.com/watch?v=z4uh3DhCRFc,z4uh3DhCRFc
391,2024-12-31,06:59:09-08:00,BTC反彈96000！畫門回踩，依然做多？還能上車嗎？！,https://www.youtube.com/watch?v=EW7l38GlPV8,EW7l38GlPV8
392,2024-12-30,08:47:42-08:00,BTC跌到91K！不跌破，無反彈？若這樣，就做多！ETH呢？,https://www.youtube.com/watch?v=hXlvI6ISR80,hXlvI6ISR80
393,2024-12-27,08:07:33-08:00,BTC急跌93000！恐慌拋售？真要去更低？不宜追空！,https://www.youtube.com/watch?v=yfKdjki7w-A,yfKdjki7w-A
394,2024-12-26,09:05:55-08:00,BTC假突破，回踩95000！上漲趨勢還在嗎？ETH留意3550！,https://www.youtube.com/watch?v=sRRBs5jsF-M,sRRBs5jsF-M
395,2024-12-25,08:14:33-08:00,BTC反彈中！上車機會是？ETH類似走勢！聖誕快樂，朋友們！,https://www.youtube.com/watch?v=Fgj6LWY7Tg8,Fgj6LWY7Tg8
396,2024-12-24,07:41:00-08:00,BTC漲七千！重回99000！空頭擠破頭，只能漲！接下來……,https://www.youtube.com/watch?v=16gG_C7TWj8,16gG_C7TWj8
397,2024-12-23,10:00:05-08:00,比特幣92000！聖誕行情是下跌？做空？ETH下3000？,https://www.youtube.com/watch?v=81lFazcicY4,81lFazcicY4
398,2024-12-20,11:23:00-08:00,BTC下殺92000！卻收啟明星！跌到位了？ETH更低？片尾好消息！,https://www.youtube.com/watch?v=7acqwNqpCRI,7acqwNqpCRI
399,2024-12-19,18:23:55-08:00,BTC跌下95000！“牛市多急跌”，是說這種嗎？該不該慌？,https://www.youtube.com/watch?v=O7_CO01HJFU,O7_CO01HJFU
400,2024-12-18,12:49:39-08:00,BTC電梯式下跌！跌到哪？伸手抓的是機會？或是飛刀？！,https://www.youtube.com/watch?v=PugAR3QQbvw,PugAR3QQbvw
401,2024-12-17,11:23:15-08:00,BTC樓梯式上漲？殺止損是機會！ETH消化4000賣盤？山寨起漲！,https://www.youtube.com/watch?v=8ZRN9WYcOOQ,8ZRN9WYcOOQ
402,2024-12-16,11:26:27-08:00,比特幣108000！金叉出現，繼續漲？！若倒車接人，別怕！,https://www.youtube.com/watch?v=X67IC2T151A,X67IC2T151A
403,2024-12-14,23:56:10-08:00,盤口一次看懂！近乎看人底牌的訂單流交易法！2025最新版！,https://www.youtube.com/watch?v=b14PRbV679E,b14PRbV679E
404,2024-12-13,11:12:07-08:00,BTC空頭陷阱？站上102000就繼續漲！ETH和小幣種，盤整一下？,https://www.youtube.com/watch?v=Mwbu20Qy-CA,Mwbu20Qy-CA
405,2024-12-12,10:58:39-08:00,BTC到了久等的價位！回調開始？ETH再測4000，適度止盈！,https://www.youtube.com/watch?v=hxIKFLEnZMo,hxIKFLEnZMo
406,2024-12-11,11:22:10-08:00,比特幣0.618撐住，再上十萬！繼續上次那樣漲？ETH和山寨呢？,https://www.youtube.com/watch?v=ON5OyiMRvcQ,ON5OyiMRvcQ
407,2024-12-10,12:04:32-08:00,BTC回踩0.618！能撐住就繼續漲！量子計算時代，比特幣歸零？市場恐懼！,https://www.youtube.com/watch?v=U_lYZK0TshM,U_lYZK0TshM
408,2024-12-09,11:35:27-08:00,比特幣十萬難再上？當年突破一萬時，似乎也這樣！ETH呢？,https://www.youtube.com/watch?v=gVe-Z8l5m20,gVe-Z8l5m20
409,2024-12-06,11:32:24-08:00,BTC回十萬！ETH上四千！危險解除？小幣種DYDX、TIA、REZ……,https://www.youtube.com/watch?v=Fk_RHZ0PbvI,Fk_RHZ0PbvI
410,2024-12-05,17:15:32-08:00,『緊急加更』BTC急跌15000！牛市的常規清槓桿？或頹勢初現？,https://www.youtube.com/watch?v=5WPsbXV3HRM,5WPsbXV3HRM
411,2024-12-05,10:33:58-08:00,比特幣10萬！大暴漲，你無法想象！不跌回10萬，ETH和小幣就跟上？,https://www.youtube.com/watch?v=ba0rN1g9HTY,ba0rN1g9HTY
412,2024-12-04,11:32:46-08:00,山寨暴漲，BTC回調？還早！以太ETH目標臨近？山寨幣還能漲？！,https://www.youtube.com/watch?v=hF1ZCvJj83Y,hF1ZCvJj83Y
413,2024-12-03,10:49:08-08:00,BTC插針！反彈來了？以太ETH空中加油，繼續漲？山寨幣機會多！,https://www.youtube.com/watch?v=2p_0ZOBMBHM,2p_0ZOBMBHM
414,2024-12-02,10:55:49-08:00,BTC縮量怕不怕?！給山寨機會？eth/xrp/ada，抓突破很簡單！,https://www.youtube.com/watch?v=C19hcghG3FQ,C19hcghG3FQ
415,2024-11-29,10:10:55-08:00,BTC這次去10萬？依然有賣單！這些山寨會翻倍？ADA、DOGE追不追？,https://www.youtube.com/watch?v=oT37NkgAEYM,oT37NkgAEYM
416,2024-11-28,10:47:02-08:00,比特幣97K受阻！多頭止盈，做空嗎？我等這裡！,https://www.youtube.com/watch?v=pY0k3UFanFs,pY0k3UFanFs
417,2024-11-27,10:05:02-08:00,BTC反彈97000！ETH暴漲！死貓跳？或新高？這些山寨幣沒走壞：DYDX/CRV/REZ/WLD……,https://www.youtube.com/watch?v=2cNqAB09u3w,2cNqAB09u3w
418,2024-11-26,11:21:27-08:00,BTC急跌91000！見頂了？多少有支撐？有反彈？！,https://www.youtube.com/watch?v=KuvTzEsU3Po,KuvTzEsU3Po
419,2024-11-25,10:59:13-08:00,BTC期貨已10萬！空頭死，漲勢止？資金池告急！開跌？,https://www.youtube.com/watch?v=XFbraTIh5t0,XFbraTIh5t0
420,2024-11-22,11:05:53-08:00,比特幣10萬在即！可能偷跑？XPR、ADA暴漲！山寨季？,https://www.youtube.com/watch?v=wZJcCo457KU,wZJcCo457KU
421,2024-11-21,11:38:12-08:00,比特幣98000！十萬前的狂歡！恐高了？何時賣？,https://www.youtube.com/watch?v=Y_wZ4sDlSTo,Y_wZ4sDlSTo
422,2024-11-20,10:21:34-08:00,比特幣94000！燃料充足，繼續漲！小心空頭陷阱！,https://www.youtube.com/watch?v=x9y0uEpmOns,x9y0uEpmOns
423,2024-11-19,10:16:33-08:00,BTC再新高！強趨勢中的看漲背離！不做空，除非……,https://www.youtube.com/watch?v=6S40edZ0WbM,6S40edZ0WbM
424,2024-11-18,10:51:01-08:00,BTC九萬徘徊！不少人做空，還漲嗎？漲到哪有危險？ETH呢？,https://www.youtube.com/watch?v=sMFfaXUmsUw,sMFfaXUmsUw
425,2024-11-15,11:03:23-08:00,BTC跌下90K！又背離了，盤後繼續漲？美股頹，以太頹！,https://www.youtube.com/watch?v=PsYx_Vx9-U4,PsYx_Vx9-U4
426,2024-11-14,10:43:58-08:00,比特幣93000！10萬有人偷跑？快到頂了嗎，這是第?浪!?,https://www.youtube.com/watch?v=o1QEncbSt-M,o1QEncbSt-M
427,2024-11-13,10:09:20-08:00,比特幣93000！能上十萬嗎？賣的人多嗎？ETH跟上！,https://www.youtube.com/watch?v=_giu24LmlzE,_giu24LmlzE
428,2024-11-12,10:39:12-08:00,比特幣90000！十萬還遠嗎？市場fomo起來了，快到頂了？,https://www.youtube.com/watch?v=2D-PKKEzFHM,2D-PKKEzFHM
429,2024-11-11,09:44:34-08:00,比特幣85000！空頭還有嗎？Doge和Shib套路！,https://www.youtube.com/watch?v=_A5HiQfx0o4,_A5HiQfx0o4
430,2024-11-08,10:29:40-08:00,BTC勢頭強！美股上6000，ETH也復活！漲到多少？,https://www.youtube.com/watch?v=P8fb7UjatNA,P8fb7UjatNA
431,2024-11-07,10:12:59-08:00,比特幣76000！天高任鳥飛？ETH重回2800，強勢機會！,https://www.youtube.com/watch?v=i4CYQMJombE,i4CYQMJombE
432,2024-11-06,10:42:48-08:00,BTC新高75000！美股狂漲，一致看好！川普利好，持續多久？,https://www.youtube.com/watch?v=namfgcagrow,namfgcagrow
433,2024-11-05,10:37:15-08:00,BTC強波動！選舉日的多空爭奪！誰贏，利好比特幣？,https://www.youtube.com/watch?v=PQwgMS5Y2Lo,PQwgMS5Y2Lo
434,2024-11-04,09:53:13-08:00,比特幣跌回69000！假突破確認？問題大了！,https://www.youtube.com/watch?v=HpBTuvv3lSs,HpBTuvv3lSs
435,2024-11-01,10:48:04-07:00,BTC最好撐住！回踩趨勢線，上車？跌回就危險了！,https://www.youtube.com/watch?v=jWZVZObxqaw,jWZVZObxqaw
436,2024-10-31,10:09:53-07:00,BTC突破後回踩？70000能撐住？！上車機會？,https://www.youtube.com/watch?v=11eyDvhsnKw,11eyDvhsnKw
437,2024-10-30,07:57:09-07:00,BTC最高效定投！結合資金費率，100%勝率！,https://www.youtube.com/watch?v=San2WMM-e8Y,San2WMM-e8Y
438,2024-10-29,10:06:14-07:00,BTC突破！盤了一年，今日突破！去74000新高？,https://www.youtube.com/watch?v=rf-0i1aJ71g,rf-0i1aJ71g
439,2024-10-28,10:27:28-07:00,BTC蓄勢待發！強勢周線，70000突破一下？,https://www.youtube.com/watch?v=gZme5TuyLew,gZme5TuyLew
440,2024-10-25,10:59:43-07:00,BTC多空爭奪！難漲，難跌，到底去哪？ETH也在等……,https://www.youtube.com/watch?v=uwzxNj8vJEM,uwzxNj8vJEM
441,2024-10-24,10:16:34-07:00,BTC回抽68K！殺空頭止損，再下跌？ETH更頹！！,https://www.youtube.com/watch?v=1pLCoz1iocw,1pLCoz1iocw
442,2024-10-23,10:10:33-07:00,BTC跌回！下跌A浪？反彈做空？ETH假突破！,https://www.youtube.com/watch?v=pNxKto6ladI,pNxKto6ladI
443,2024-10-22,09:25:14-07:00,BTC看跌吞沒？！沖高受阻，頹勢初現？70000更多人要賣？,https://www.youtube.com/watch?v=JEoSJKT0mIg,JEoSJKT0mIg
444,2024-10-21,09:39:52-07:00,BTC突破受阻！掉頭向下！風向改變？,https://www.youtube.com/watch?v=caAciwF-_Hg,caAciwF-_Hg
445,2024-10-18,10:17:45-07:00,比特幣68800！強力突破？$70000是關鍵！,https://www.youtube.com/watch?v=1kp8XtYEdzo,1kp8XtYEdzo
446,2024-10-17,11:03:42-07:00,BTC67K！蓄勢突破？或掉頭向下？七萬有人掛單……,https://www.youtube.com/watch?v=lHoz0uPWufs,lHoz0uPWufs
447,2024-10-16,10:15:30-07:00,BTC即將74000？蓄勢中！真假突破，都是機會！,https://www.youtube.com/watch?v=8NaUuBvIoUQ,8NaUuBvIoUQ
448,2024-10-15,10:54:05-07:00,比特幣67000！突破去74000？折回去47000？關鍵！,https://www.youtube.com/watch?v=CtAsY1EFz4E,CtAsY1EFz4E
449,2024-10-14,10:12:13-07:00,比特幣66K！鯊魚反轉？蓄力已久的突破？,https://www.youtube.com/watch?v=Q1k9Fpe_NxQ,Q1k9Fpe_NxQ
450,2024-10-11,10:08:26-07:00,BTC反轉！跌破收回，鯊魚形態？漲到1.13？,https://www.youtube.com/watch?v=HIVdjNYFm8I,HIVdjNYFm8I
451,2024-10-10,10:37:45-07:00,BTC強勢不再！或許去更低，反彈做空？,https://www.youtube.com/watch?v=oLstXQIeAQg,oLstXQIeAQg
452,2024-10-09,10:59:10-07:00,BTC強勢全無！波動減少，流動性去中國股市了？,https://www.youtube.com/watch?v=yjCbwlyEaN4,yjCbwlyEaN4
453,2024-10-08,10:37:04-07:00,BTC反彈無力！漲不上去？失敗的AMD！,https://www.youtube.com/watch?v=J8Pb40ZpR9w,J8Pb40ZpR9w
454,2024-10-07,10:46:25-07:00,比特幣64K！強勢站回，漲到哪？70K最關鍵！,https://www.youtube.com/watch?v=sC1ooXDwEHM,sC1ooXDwEHM
455,2024-10-04,10:02:49-07:00,BTC一旦站回，就有機會！62500是關鍵⋯⋯,https://www.youtube.com/watch?v=JFrXNH3UJys,JFrXNH3UJys
456,2024-10-03,10:04:33-07:00,BTC六萬測試！能否收回62300？反彈結束了？,https://www.youtube.com/watch?v=Kscfs5_KxOA,Kscfs5_KxOA
457,2024-10-02,10:34:52-07:00,BTC頹勢出現？有誘空可能！留心62300！,https://www.youtube.com/watch?v=-hvRbUuOy2I,-hvRbUuOy2I
458,2024-10-01,10:40:30-07:00,BTC沖高回落！能再漲不？看這些低點⋯⋯,https://www.youtube.com/watch?v=jlnn6RdTmKo,jlnn6RdTmKo
459,2024-09-27,10:33:57-07:00,BTC再破66000！N字對稱去68000？小心七萬！,https://www.youtube.com/watch?v=USIfyCe05dM,USIfyCe05dM
460,2024-09-26,10:05:21-07:00,BTC突破65000！下一站是？別小瞧ETH⋯⋯,https://www.youtube.com/watch?v=pmPsYtmrpy0,pmPsYtmrpy0
461,2024-09-25,10:09:26-07:00,比特幣上65000？去打空頭止損！看，現貨掛單！,https://www.youtube.com/watch?v=nUqe4VIGwtY,nUqe4VIGwtY
462,2024-09-24,10:20:36-07:00,BTC資金費又負了！阻力位盤整，樂觀？！,https://www.youtube.com/watch?v=pX3i9936LGM,pX3i9936LGM
463,2024-09-23,09:51:07-07:00,BTC短期下調，但能去更高？ETH將有機會？！,https://www.youtube.com/watch?v=LzCOi7VHBNw,LzCOi7VHBNw
464,2024-09-21,08:15:38-07:00,李小龍的慾望清單！Think and Grow Rich 《思想致富》之慾望,https://www.youtube.com/watch?v=RFWC2pmIOsk,RFWC2pmIOsk
465,2024-09-20,10:05:27-07:00,BTC正常反彈？漲到哪？！ETH強勢了？,https://www.youtube.com/watch?v=UkJqTltRwxU,UkJqTltRwxU
466,2024-09-19,10:13:45-07:00,BTC重要突破！減息50基點，帶回牛市？eth去這！,https://www.youtube.com/watch?v=yU0xRQkcT90,yU0xRQkcT90
467,2024-09-18,09:55:33-07:00,BTC目標漲到！假突破出現！不太樂觀？,https://www.youtube.com/watch?v=AQbHLjpkrfw,AQbHLjpkrfw
468,2024-09-17,09:38:29-07:00,BTC剛突破！繼續漲？趨勢線是關鍵！eth呢？,https://www.youtube.com/watch?v=aWtnMC3YVbA,aWtnMC3YVbA
469,2024-09-16,10:22:40-07:00,BTC沖高失敗？60000沒站穩！能否撐住？,https://www.youtube.com/watch?v=kqXwS69hpTM,kqXwS69hpTM
470,2024-09-14,07:52:36-07:00,這樣想，就會富！Think and Grow RICH 《思想致富》一,https://www.youtube.com/watch?v=3ou2LWojnx4,3ou2LWojnx4
471,2024-09-13,10:00:23-07:00,BTC強突破！蓄勢久，燃料足！繼續上攻？,https://www.youtube.com/watch?v=O1v5fh6sOdM,O1v5fh6sOdM
472,2024-09-12,09:39:53-07:00,BTC缺口補足，如期上漲！下一站是？,https://www.youtube.com/watch?v=o54dyR4FjO0,o54dyR4FjO0
473,2024-09-11,10:05:57-07:00,BTC反彈！回踩一下，補足缺口！繼續漲？,https://www.youtube.com/watch?v=l6no7ZvIivQ,l6no7ZvIivQ
474,2024-09-09,10:17:58-07:00,BTC觸底反彈？等一個高點！ES/NQ/ETH……,https://www.youtube.com/watch?v=SyIp-8rHwnA,SyIp-8rHwnA
475,2024-09-06,11:40:54-07:00,美股暴跌！BTC難撐！仍在下跌，等什麼強勢信號？,https://www.youtube.com/watch?v=Uc78OUFUCrg,Uc78OUFUCrg
476,2024-09-05,11:30:07-07:00,BTC，磨人的緩跌！等這兩個信號……,https://www.youtube.com/watch?v=dMNunXS-T80,dMNunXS-T80
477,2024-09-04,10:07:37-07:00,BTC強勢日線！破前低反彈！ETH也可能？,https://www.youtube.com/watch?v=F_0lProOP-U,F_0lProOP-U
478,2024-09-03,11:22:46-07:00,美股狂跌！BTC呢？盤整既久，加倍看漲/看跌？,https://www.youtube.com/watch?v=I6-oNPrnugg,I6-oNPrnugg
479,2024-09-02,10:02:31-07:00,BTC負資金費！密集出現！以往都漲，這次呢？,https://www.youtube.com/watch?v=7d5-boMHJqU,7d5-boMHJqU
480,2024-08-30,10:00:34-07:00,BTC鈍刀割肉！緩緩下跌，反彈沒了？ETH清晰走勢！,https://www.youtube.com/watch?v=2GWeKl4p9u0,2GWeKl4p9u0
481,2024-08-29,10:38:11-07:00,BTC反彈空？期貨缺口補足！能更高？,https://www.youtube.com/watch?v=nZ5xH3Z3i1g,nZ5xH3Z3i1g
482,2024-08-28,08:49:38-07:00,頹勢初現！BTC急跌57000！抄底做多？回抽做空？,https://www.youtube.com/watch?v=nTEAnyADB7k,nTEAnyADB7k
483,2024-08-27,09:54:11-07:00,BTC跌回61000！還能漲嗎？以太2800過不去？！,https://www.youtube.com/watch?v=4yTY30CkiiU,4yTY30CkiiU
484,2024-08-26,11:09:27-07:00,BTC周線走強！盤整中，一跌就慌？ETH初測2800！,https://www.youtube.com/watch?v=d2DMv0a2SF4,d2DMv0a2SF4
485,2024-08-23,10:27:08-07:00,利好BTC？即將減息！錢變多了，只能漲？ETH要等2800！,https://www.youtube.com/watch?v=yw1qmEKnumU,yw1qmEKnumU
486,2024-08-21,09:48:55-07:00,BTC太多人做空？資金費率又負了！好事？,https://www.youtube.com/watch?v=JypUCAPjyIM,JypUCAPjyIM
487,2024-08-20,10:34:33-07:00,BTC向上假突破！跌哪去？ETH需要站上2800！,https://www.youtube.com/watch?v=_pVDe1NraWA,_pVDe1NraWA
488,2024-08-19,09:15:01-07:00,BTC上下補缺口！盤整夠久，小力量就出方向！,https://www.youtube.com/watch?v=hImkh__XSmo,hImkh__XSmo
489,2024-08-16,09:16:02-07:00,BTC反彈！重回VAL，強勢出現！ETH呢？,https://www.youtube.com/watch?v=Slp_9am_ipM,Slp_9am_ipM
490,2024-08-15,11:13:54-07:00,BTC回抽受阻！門擋住了，繼續跌？coinbase還挺樂觀！,https://www.youtube.com/watch?v=sYS3ZoQiPbQ,sYS3ZoQiPbQ
491,2024-08-14,10:09:29-07:00,BTC盤整中的短空！早盤假突破！趨勢還在嗎？,https://www.youtube.com/watch?v=pnMx7qiTJY0,pnMx7qiTJY0
492,2024-08-13,09:40:39-07:00,BTC踩穩了？隨美股上漲！ETH需要站回這條線……,https://www.youtube.com/watch?v=uBD1zVk8C7s,uBD1zVk8C7s
493,2024-08-12,09:21:38-07:00,BTC周線強勢！成交有量！繼續漲？ETH呢？,https://www.youtube.com/watch?v=reEGtA4outg,reEGtA4outg
494,2024-08-09,08:49:33-07:00,比特幣62000！0.618受阻，能否再漲？！,https://www.youtube.com/watch?v=8fv5sdr9nHA,8fv5sdr9nHA
495,2024-08-08,08:48:26-07:00,比特幣59000！上方真空？Doge等山寨有機會！,https://www.youtube.com/watch?v=mV8nX8VPPZ0,mV8nX8VPPZ0
496,2024-08-07,09:17:28-07:00,BTC真反彈？假反彈？！跌到哪做多？,https://www.youtube.com/watch?v=ZuLa0EFdHuM,ZuLa0EFdHuM
497,2024-08-06,08:59:28-07:00,BTC反彈！大拋售是大機會？留意這條線……,https://www.youtube.com/watch?v=oJi2hzyJVt0,oJi2hzyJVt0
498,2024-08-05,10:01:48-07:00,全球恐慌！比特幣48900！趕緊拋or淡定買？,https://www.youtube.com/watch?v=WepiV_N78uY,WepiV_N78uY
499,2024-08-02,11:12:53-07:00,美股潰敗，BTC跟跌！跌多了反彈？,https://www.youtube.com/watch?v=Foc0mk6WboM,Foc0mk6WboM
500,2024-08-01,10:55:32-07:00,BTC跌到哪？兩個缺口！做多？何為自律？,https://www.youtube.com/watch?v=XBRZOpl0o9I,XBRZOpl0o9I
501,2024-07-31,10:17:13-07:00,BTC等風來！聯儲減息利好？政府賣BTC？,https://www.youtube.com/watch?v=MkrM3hzz_HY,MkrM3hzz_HY
502,2024-07-30,10:45:37-07:00,比特幣VAH受阻，近期主題是止盈！震蕩到哪去？,https://www.youtube.com/watch?v=-PJcarKqclk,-PJcarKqclk
503,2024-07-29,09:53:01-07:00,BTC回70K！Trump支持，卻跌了？早盤危險信號！,https://www.youtube.com/watch?v=62OlLeyN_DE,62OlLeyN_DE
504,2024-07-26,09:17:30-07:00,BTC強反彈！去69300？大趨勢是……,https://www.youtube.com/watch?v=uWcIJHG2ZA8,uWcIJHG2ZA8
505,2024-07-25,09:18:05-07:00,美股拖下BTC！一根大陽線，完美破底翻！,https://www.youtube.com/watch?v=txgwORXw7PY,txgwORXw7PY
506,2024-07-24,10:29:09-07:00,比特幣不慌？仍在盤整中！Tesla暴跌10%……,https://www.youtube.com/watch?v=6Vj-PpBAxGY,6Vj-PpBAxGY
507,2024-07-23,08:42:25-07:00,比特幣上不去了？盤整中繼？還是要向下了？,https://www.youtube.com/watch?v=J_LizZUWJYQ,J_LizZUWJYQ
508,2024-07-22,09:36:30-07:00,比特幣周線收強！美股也反彈？不好再做多！,https://www.youtube.com/watch?v=k_L5bSRkOa0,k_L5bSRkOa0
509,2024-07-19,09:26:50-07:00,比特幣66000！小回調後繼續漲！趨勢仍向上？,https://www.youtube.com/watch?v=9NzhOWhphZs,9NzhOWhphZs
510,2024-07-18,09:32:43-07:00,比特幣0.66受阻！盤一下再漲？下方有缺口！,https://www.youtube.com/watch?v=fBhRbwfRMCY,fBhRbwfRMCY
511,2024-07-17,09:48:35-07:00,比特幣0.66強阻！科技股狂跌，BTC難撐住？,https://www.youtube.com/watch?v=1Z9iNDTBM1k,1Z9iNDTBM1k
512,2024-07-16,09:35:25-07:00,BTC漲了12000！止盈？0.618受阻！做空？,https://www.youtube.com/watch?v=gzPZXG_h1iA,gzPZXG_h1iA
513,2024-07-15,19:12:01-07:00,Tesla特斯拉突破趨勢線！繼續漲？,https://www.youtube.com/watch?v=-3weyeJDadM,-3weyeJDadM
514,2024-07-14,21:52:52-07:00,BTC突破趨勢線！重上62000，開始反彈？,https://www.youtube.com/watch?v=YqR22Wwb03M,YqR22Wwb03M
515,2024-07-12,09:20:30-07:00,BTC向上回抽！等突破？它一定會去……,https://www.youtube.com/watch?v=RpIMq7Fd2FU,RpIMq7Fd2FU
516,2024-07-11,11:00:08-07:00,CPI消息日，BTC先漲後跌！再往下？,https://www.youtube.com/watch?v=8kJ18u5GbTc,8kJ18u5GbTc
517,2024-07-10,09:21:38-07:00,比特幣，反彈無效？三角假突破？看前低！,https://www.youtube.com/watch?v=B9lsHWbBWEA,B9lsHWbBWEA
518,2024-07-09,09:33:55-07:00,BTC仍三角盤整！美股新高，比特幣跟漲？等三角突破！Tesla,https://www.youtube.com/watch?v=60fi0Ztj_mE,60fi0Ztj_mE
519,2024-07-08,09:36:38-07:00,比特幣，55000懸崖邊！周線收弱？在走三角形！,https://www.youtube.com/watch?v=7GkQraHi0XU,7GkQraHi0XU
520,2024-07-05,08:57:38-07:00,比特幣53000，前低終跌破！別人恐慌，我也恐慌？,https://www.youtube.com/watch?v=RxBVCofqdZ8,RxBVCofqdZ8
521,2024-07-04,09:54:19-07:00,BTC最後的防線！跌慌了？出現了恐慌拋售！,https://www.youtube.com/watch?v=WHF87ekqBjY,WHF87ekqBjY
522,2024-07-03,09:05:22-07:00,BTC假突破！再測60000，還能撐住？,https://www.youtube.com/watch?v=D8712NWwpNM,D8712NWwpNM
523,2024-07-02,08:41:46-07:00,比特幣123假突破？！可做多，可做空，怎麼選？,https://www.youtube.com/watch?v=LkOfRuFWntA,LkOfRuFWntA
524,2024-07-01,09:03:52-07:00,BTC突破！周線強勢，123法則做多？這線別跌破！,https://www.youtube.com/watch?v=8xYg3fyShEM,8xYg3fyShEM
525,2024-06-28,10:03:15-07:00,BTC下探平行底？等123突破，最佳交易！,https://www.youtube.com/watch?v=3bXGoGDt1Mg,3bXGoGDt1Mg
526,2024-06-27,09:09:05-07:00,BTC精準反彈！看漲盤口，留下平行底……ETH呢？,https://www.youtube.com/watch?v=3weppyHQFMs,3weppyHQFMs
527,2024-06-26,08:43:40-07:00,比特幣反彈中！回踩做多？兩個位置很留意！,https://www.youtube.com/watch?v=pdQiC07giMg,pdQiC07giMg
528,2024-06-25,08:41:07-07:00,比特幣反彈！跌到58000，站回60K，穩了嗎？！,https://www.youtube.com/watch?v=gtdIPIe4Jjc,gtdIPIe4Jjc
529,2024-06-24,08:15:16-07:00,比特幣回60000！毫無反彈，還能跌哪去？,https://www.youtube.com/watch?v=Aandu9vo4fU,Aandu9vo4fU
530,2024-06-21,10:31:42-07:00,BTC滿月將至！何時站回xxx，就何時嘗試做多！,https://www.youtube.com/watch?v=_riFFnFe9aY,_riFFnFe9aY
531,2024-06-20,10:11:47-07:00,BTC反彈$2000又跌回！前些天考驗耐心，這兩天考驗信心……,https://www.youtube.com/watch?v=gp_K8-Bo8Yw,gp_K8-Bo8Yw
532,2024-06-19,09:09:43-07:00,BTC謹慎樂觀！64000跌到，嘗試做多？,https://www.youtube.com/watch?v=tJUQ-uApRPE,tJUQ-uApRPE
533,2024-06-18,09:36:50-07:00,比特幣，終於64500！可以做多了嗎？留意反彈信號！,https://www.youtube.com/watch?v=jKPzzem1lI4,jKPzzem1lI4
534,2024-06-17,09:15:45-07:00,BTC臨近64K！比特幣還在牛市，山寨已跌到熊市了,https://www.youtube.com/watch?v=PuRMvf81_VE,PuRMvf81_VE
535,2024-06-14,09:46:08-07:00,比特幣去64K？美股漲，BTC跌，是還沒跌到位？,https://www.youtube.com/watch?v=CfnsgmrT4GE,CfnsgmrT4GE
536,2024-06-13,09:23:48-07:00,比特幣，沒跌到位？上下插針，盤整到哪去？,https://www.youtube.com/watch?v=UU32zhY4Tz4,UU32zhY4Tz4
537,2024-06-12,08:33:17-07:00,BTC又回七萬！AB=CD，直奔新高？ETH回踩可做多？,https://www.youtube.com/watch?v=CyDkKImX4Qo,CyDkKImX4Qo
538,2024-06-10,07:07:44-07:00,比特幣，還差一個突破！下方有缺口，上方有引力，去哪？,https://www.youtube.com/watch?v=yRFSRRTepSE,yRFSRRTepSE
539,2024-06-07,10:10:19-07:00,比特幣，還新高嗎？華爾街早盤假突破！新月？,https://www.youtube.com/watch?v=d_NnKFJ2WUk,d_NnKFJ2WUk
540,2024-06-05,10:20:06-07:00,比特幣71000，目標更近！BYBIT支持大陸KYC！帕勞ID用不上了……,https://www.youtube.com/watch?v=glkASirmko8,glkASirmko8
541,2024-06-04,09:21:16-07:00,BTC遲早去74000？趨勢線突破！不再攔阻，ETH呢？,https://www.youtube.com/watch?v=xJUf3Gt6B84,xJUf3Gt6B84
542,2024-06-03,09:12:11-07:00,BTC假動作開局？70000受阻！掉頭向下，或直接去75000？,https://www.youtube.com/watch?v=3P_sVQI16GE,3P_sVQI16GE
543,2024-05-31,10:00:21-07:00,比特幣二測POC！反彈做多？ETH還不行！,https://www.youtube.com/watch?v=t46j9Yay434,t46j9Yay434
544,2024-05-30,08:51:01-07:00,BTC改變計劃？盤整時，最忌諱的和最該做的！,https://www.youtube.com/watch?v=1hR5HAKMoRQ,1hR5HAKMoRQ
545,2024-05-29,08:25:58-07:00,比特幣盤整待發！ETH多空換手後，繼續漲？,https://www.youtube.com/watch?v=OF-z1mIGnlA,OF-z1mIGnlA
546,2024-05-28,08:06:52-07:00,比特幣，突破受阻！等它跌到這？或蓄力再突破！,https://www.youtube.com/watch?v=YM1fP7gn6Cg,YM1fP7gn6Cg
547,2024-05-27,09:58:23-07:00,比特幣再上70000！空頭陷阱！74000可期？ETH更強？,https://www.youtube.com/watch?v=zoY8wx5uXLA,zoY8wx5uXLA
548,2024-05-24,08:19:07-07:00,比特幣POC撐住！若去64500更好？ETH利好出盡？！,https://www.youtube.com/watch?v=KROjEoJcMlA,KROjEoJcMlA
549,2024-05-23,08:26:55-07:00,比特幣跌下70000！到哪撐住？ETH回調能買嗎？,https://www.youtube.com/watch?v=KMDa87xG4-s,KMDa87xG4-s
550,2024-05-22,08:36:25-07:00,比特幣71000繼續漲？止盈的重要性！,https://www.youtube.com/watch?v=ZwMtJp7sehM,ZwMtJp7sehM
551,2024-05-21,08:52:51-07:00,BTC暴漲71000！ETH暴漲20%！追進去，還是止盈出來？,https://www.youtube.com/watch?v=4yXdKHzbuwA,4yXdKHzbuwA
552,2024-05-20,08:11:08-07:00,BTC周線強勢！跌到哪可加倉？漲到哪是目標？ETH密切關注！,https://www.youtube.com/watch?v=47GFOrwsIqI,47GFOrwsIqI
553,2024-05-17,07:55:45-07:00,比特幣，上漲一切正常？漲到多少，諧波目標位？！,https://www.youtube.com/watch?v=jyvMaEVCxe0,jyvMaEVCxe0
554,2024-05-16,08:34:08-07:00,比特幣這條線上都看漲！回踩做多？ETH/BTC狂跌！做多以太？,https://www.youtube.com/watch?v=xs6nkTKMWJA,xs6nkTKMWJA
555,2024-05-15,08:08:12-07:00,比特幣突破！盤整就是等你，但不會等太久！,https://www.youtube.com/watch?v=CX6tpGMFfpo,CX6tpGMFfpo
556,2024-05-14,08:13:23-07:00,比特幣蓄力中！ETH若突破，像Pepe一樣漲？,https://www.youtube.com/watch?v=MeOT2fcZv8o,MeOT2fcZv8o
557,2024-05-13,08:15:30-07:00,比特幣，周線看漲嗎？日線回踩做多？週一上漲不太妙？！,https://www.youtube.com/watch?v=grxUirKhUtM,grxUirKhUtM
558,2024-05-10,09:46:10-07:00,比特幣急跌！漲得慢，跌得快，走壞了？什麼是初學者狂熱？,https://www.youtube.com/watch?v=sMZgIgqGTus,sMZgIgqGTus
559,2024-05-09,08:31:30-07:00,比特幣見頂了？！威科夫派發？還做多嗎？,https://www.youtube.com/watch?v=2s03GgGCEtI,2s03GgGCEtI
560,2024-05-08,08:00:08-07:00,比特幣正常回調？！回踩做多？或新月做空？,https://www.youtube.com/watch?v=FYxLwpjiMio,FYxLwpjiMio
561,2024-05-07,07:30:35-07:00,比特幣上車做多？跌到這兩個位置，若收回可嘗試！ETH呢？,https://www.youtube.com/watch?v=JI159p5Cf2k,JI159p5Cf2k
562,2024-05-06,08:06:23-07:00,比特幣如期上漲！65000到了，75000會到嗎？,https://www.youtube.com/watch?v=RjszxAbSteY,RjszxAbSteY
563,2024-05-03,08:03:03-07:00,BTC做多了！破底翻後，站回59K！去70K？,https://www.youtube.com/watch?v=RruLv4w8JRI,RruLv4w8JRI
564,2024-05-02,08:09:41-07:00,BTC最佳做多機會！如果站回59XXX……還做空嗎？,https://www.youtube.com/watch?v=u0ETcwczPvA,u0ETcwczPvA
565,2024-05-01,08:00:58-07:00,BTC跌破59000！跌破前低，能否收回去？下方52000？,https://www.youtube.com/watch?v=p3J9UErO69g,p3J9UErO69g
566,2024-04-30,07:55:39-07:00,BTC西西弗斯式上漲？稍漲就跌！59000深淵有吸引？,https://www.youtube.com/watch?v=s7vShmRFkqQ,s7vShmRFkqQ
567,2024-04-29,07:40:55-07:00,BTC跌到可以買？這兩大原因，讓我不做空！,https://www.youtube.com/watch?v=8sdQkEjY5u8,8sdQkEjY5u8
568,2024-04-26,09:28:51-07:00,比特幣回彈無力？不算太糟，仍在反彈中！,https://www.youtube.com/watch?v=2IhmIMoAlBA,2IhmIMoAlBA
569,2024-04-25,09:54:18-07:00,BTC反彈來了？做多機會？已帶止損做多，試一下！,https://www.youtube.com/watch?v=ZQ6muBbo0Mg,ZQ6muBbo0Mg
570,2024-04-24,09:40:01-07:00,BTC跌到多少做多？POC受阻！趨勢線跌破！CZ判三年？,https://www.youtube.com/watch?v=KESB_pNTnUw,KESB_pNTnUw
571,2024-04-23,07:28:53-07:00,比特幣POC受阻，為什麼不做空？跌到哪可做多？,https://www.youtube.com/watch?v=cw1RQg4CTC4,cw1RQg4CTC4
572,2024-04-22,07:40:53-07:00,比特幣，跌就做多？臨近滿月，即將強勢？！,https://www.youtube.com/watch?v=hx-xDHNgNyo,hx-xDHNgNyo
573,2024-04-19,07:38:41-07:00,比特幣急漲5000！創出小高點，第一次強勢出現！,https://www.youtube.com/watch?v=NzxomTC2qd0,NzxomTC2qd0
574,2024-04-18,08:49:03-07:00,比特幣嘗試做多！負的資金費率，還跌到哪去？,https://www.youtube.com/watch?v=jbBaadMswEs,jbBaadMswEs
575,2024-04-17,09:42:00-07:00,比特幣反彈無力，去58K？什麼樣的反彈可做多？,https://www.youtube.com/watch?v=SnenwPOdw3Y,SnenwPOdw3Y
576,2024-04-16,09:33:21-07:00,比特幣緩跌！忍不住想做空？反彈無力，BTC怎麼了！,https://www.youtube.com/watch?v=GtP3orayd1M,GtP3orayd1M
577,2024-04-15,08:18:01-07:00,比特幣急跌59000！徹底頹勢？又一次抄底機會？,https://www.youtube.com/watch?v=uBC7hCorsOM,uBC7hCorsOM
578,2024-04-12,09:49:08-07:00,比特幣下跌！正常回踩？或頹勢出現？黃金暴漲，BTC呢？,https://www.youtube.com/watch?v=t5lZ6eDo_M0,t5lZ6eDo_M0
579,2024-04-11,07:38:05-07:00,比特幣繼續漲？三角中繼，去74000？等待回踩，更高的低點！,https://www.youtube.com/watch?v=G7qhgxSAia8,G7qhgxSAia8
580,2024-04-10,07:46:48-07:00,BTC做空？已跌到0.618！為什麼期待更高？,https://www.youtube.com/watch?v=gexuaFuzhww,gexuaFuzhww
581,2024-04-09,07:38:37-07:00,比特幣回踩做多？三角假突破做空？！74000還去嗎？,https://www.youtube.com/watch?v=JS4MISf96M0,JS4MISf96M0
582,2024-04-08,07:31:50-07:00,比特幣三角突破，再上72000！日食和新月，留意假突破……,https://www.youtube.com/watch?v=pbZzQFfXnDE,pbZzQFfXnDE
583,2024-04-05,07:46:37-07:00,BTC盤整區的秘密！三次之後，將出方向？交易機會！,https://www.youtube.com/watch?v=SGL4xcO0bgY,SGL4xcO0bgY
584,2024-04-04,07:55:52-07:00,比特幣真反彈？這次不做空！三角盤整逐漸清晰！,https://www.youtube.com/watch?v=HgWKXm13l48,HgWKXm13l48
585,2024-04-03,08:22:31-07:00,比特幣反彈！跌到位了？POC是強阻！67300值得留意？,https://www.youtube.com/watch?v=FkwUN3DbL1k,FkwUN3DbL1k
586,2024-04-02,07:20:55-07:00,70000上不去？暴跌六千！BTC走壞了嗎？,https://www.youtube.com/watch?v=wzc43oOIoKM,wzc43oOIoKM
587,2024-04-01,07:45:47-07:00,比特幣不上不下！看漲？看跌？周線分析！,https://www.youtube.com/watch?v=ykvtpyfI_wE,ykvtpyfI_wE
588,2024-03-29,07:09:49-07:00,比特幣反彈！盤整區看漲？回踩0.618後去哪？,https://www.youtube.com/watch?v=ewxlwoxvlbQ,ewxlwoxvlbQ
589,2024-03-28,07:14:54-07:00,比特幣急漲急跌，清槓桿！只要跌，就能買？ETH、DOGE繼續漲？,https://www.youtube.com/watch?v=lRdckTq9ESk,lRdckTq9ESk
590,2024-03-27,07:12:25-07:00,BTC沖高回落！能否再漲？大級別做多，小級別做空？,https://www.youtube.com/watch?v=zZNdKU4rqNQ,zZNdKU4rqNQ
591,2024-03-26,06:56:46-07:00,比特幣強勢站回！去75000？除非……,https://www.youtube.com/watch?v=7h31NI-Dbbw,7h31NI-Dbbw
592,2024-03-25,07:38:29-07:00,比特幣已做多！並非因為滿月？還做空嗎？,https://www.youtube.com/watch?v=Cpp176qO19A,Cpp176qO19A
593,2024-03-24,06:38:16-07:00,心法：富人是怎麼想的？,https://www.youtube.com/watch?v=1WpTDM8NM5g,1WpTDM8NM5g
594,2024-03-22,07:26:35-07:00,比特幣頭肩頂？反彈無力，去59000？！,https://www.youtube.com/watch?v=ToJDno7sSGs,ToJDno7sSGs
595,2024-03-21,07:15:39-07:00,反彈68000！危險未消，除非周線站回！多空之間，就這幾天！,https://www.youtube.com/watch?v=ORFNtMqcCXI,ORFNtMqcCXI
596,2024-03-20,07:49:45-07:00,前五次跌20%，這次也快見底了？合約做多、現貨抄底，略有不同！,https://www.youtube.com/watch?v=5HQhzyZqT4o,5HQhzyZqT4o
597,2024-03-19,07:27:28-07:00,74000到63000，BTC跌完了嗎？我為什麼沒接多？,https://www.youtube.com/watch?v=1ZrAOSg6Kj0,1ZrAOSg6Kj0
598,2024-03-18,08:00:38-07:00,比特幣，周線頹勢！假突破發生，若不站回就要小心！,https://www.youtube.com/watch?v=oHownWB_q68,oHownWB_q68
599,2024-03-15,08:53:34-07:00,BTC假突破！頹了嗎？反手做空？還能再漲嗎？ETH呢,https://www.youtube.com/watch?v=wOp5Eu9opM4,wOp5Eu9opM4
600,2024-03-14,07:14:15-07:00,BTC恐高？一再新高一再急跌！波動大了，危險近了？,https://www.youtube.com/watch?v=G7wXKlMF2IU,G7wXKlMF2IU
601,2024-03-13,07:04:16-07:00,比特幣穩了？跌4000漲5000，正常嗎？Btc、Eth、Pepe分析！,https://www.youtube.com/watch?v=Oe8HasitSUk,Oe8HasitSUk
602,2024-03-12,07:28:44-07:00,比特幣72K，未見頹勢！除非……,https://www.youtube.com/watch?v=lW6pzIyx1hA,lW6pzIyx1hA
603,2024-03-11,07:18:14-07:00,比特幣72000，一切剛剛開始！只要不……,https://www.youtube.com/watch?v=NwHiO9gZKrM,NwHiO9gZKrM
604,2024-03-08,07:24:21-08:00,一夜漲35%！暴漲幣有共同點！比特幣蓄勢，山寨跟漲！,https://www.youtube.com/watch?v=-jYvBKclaYY,-jYvBKclaYY
605,2024-03-07,07:20:54-08:00,69200後的盤整！BTC修整後再創新高？小級別分析！,https://www.youtube.com/watch?v=_rLZ2jaVHpQ,_rLZ2jaVHpQ
606,2024-03-06,07:28:12-08:00,BTC新高後，何去何從？到69200就暴跌一萬，怎麼了？,https://www.youtube.com/watch?v=AnEcJvM6NdE,AnEcJvM6NdE
607,2024-03-05,06:51:48-08:00,比特幣69000就差一點！掉頭就走？以太3800繼續漲？！,https://www.youtube.com/watch?v=D0UISdKXjps,D0UISdKXjps
608,2024-03-04,06:34:52-08:00,比特幣65K新高！69000一步之遙！ETH、ADA、DOT有機會？！,https://www.youtube.com/watch?v=SJVqrbXpXwU,SJVqrbXpXwU
609,2024-03-01,07:04:21-08:00,BTC危險信號？出貨測試？！69000前的搶購小高潮！,https://www.youtube.com/watch?v=sHKyyAuYj4Y,sHKyyAuYj4Y
610,2024-02-29,06:41:43-08:00,比特幣69000有吸引！插針6000為何？ETH去3581？,https://www.youtube.com/watch?v=Ps2zhRnFRl4,Ps2zhRnFRl4
611,2024-02-28,08:08:55-08:00,比特幣61000！三角突破，一步到位69000？,https://www.youtube.com/watch?v=iFU9_lbEf20,iFU9_lbEf20
612,2024-02-27,07:33:51-08:00,比特幣57000！更大目標是？ETH漲到這！山寨這樣上車……,https://www.youtube.com/watch?v=g3Y9vzCgwgE,g3Y9vzCgwgE
613,2024-02-26,07:37:16-08:00,BTC就是要漲！為什麼？盤口和滿月，你值得信賴！,https://www.youtube.com/watch?v=W5QyCE-EaSQ,W5QyCE-EaSQ
614,2024-02-23,07:22:34-08:00,比特幣以盤代跌！AI概念幣暴漲，上車？ETH\WLD\ONDO……,https://www.youtube.com/watch?v=7Jj4N9akzvc,7Jj4N9akzvc
615,2024-02-22,07:35:27-08:00,比特幣反彈沒完！ETH、SOL、WLD、ONDO……機會在這種幣！AI概念……,https://www.youtube.com/watch?v=J2s3wtl0w_0,J2s3wtl0w_0
616,2024-02-21,07:06:03-08:00,比特幣平空止盈！可以做多了？$50672要守住！,https://www.youtube.com/watch?v=v1xedxPLc4U,v1xedxPLc4U
617,2024-02-20,07:13:23-08:00,比特幣BTC假突破！完成投遞就下跌！ETH、WLD還漲嗎？,https://www.youtube.com/watch?v=ok9v64MjpOM,ok9v64MjpOM
618,2024-02-19,07:15:43-08:00,比特幣跌破收回，絕佳上車機會！類似走勢，一再出現！,https://www.youtube.com/watch?v=0qsSlnwJFho,0qsSlnwJFho
619,2024-02-16,07:40:24-08:00,比特幣52000受阻！$Coin漲70%，BTC跟隨？！,https://www.youtube.com/watch?v=CN02l-lL4nA,CN02l-lL4nA
620,2024-02-14,06:56:07-08:00,比特幣踩穩，繼續漲！52000很關鍵?！,https://www.youtube.com/watch?v=ySVfP7EzYMQ,ySVfP7EzYMQ
621,2024-02-13,07:25:20-08:00,比特幣1.13跌回！還漲嗎？除非這跌破！,https://www.youtube.com/watch?v=lPUfTf-MdRg,lPUfTf-MdRg
622,2024-02-12,21:30:25-08:00,春節上50000！比特幣繼續漲？可能假突破？,https://www.youtube.com/watch?v=fe5gkcocwVQ,fe5gkcocwVQ
623,2024-02-09,07:10:15-08:00,BTC春節上50000？下個目標價？世界是棵許願樹！,https://www.youtube.com/watch?v=JoqHdpCcbj8,JoqHdpCcbj8
624,2024-02-08,07:23:01-08:00,比特幣再上45000！去新高？還錘不捶？,https://www.youtube.com/watch?v=SuPRQ8BeQ7k,SuPRQ8BeQ7k
625,2024-02-07,07:09:33-08:00,比特幣，走不出的盤整區！盤整到何時？,https://www.youtube.com/watch?v=9c6XWi_6cYs,9c6XWi_6cYs
626,2024-02-06,06:54:42-08:00,比特幣，越盤整，越清晰！中長線計劃未變？,https://www.youtube.com/watch?v=chK4fIF0cQw,chK4fIF0cQw
627,2024-02-05,06:54:26-08:00,比特幣向上突破！真假突破？多或空？最新計劃！,https://www.youtube.com/watch?v=0u3STpvV9-E,0u3STpvV9-E
628,2024-02-02,06:54:17-08:00,比特幣依然看好？！盤到你沒耐心，然後突破這……,https://www.youtube.com/watch?v=iWCw04be2j8,iWCw04be2j8
629,2024-02-01,07:16:26-08:00,比特幣底底高，仍在漲勢中？去有吸引力的價格！,https://www.youtube.com/watch?v=wtZJkgs6vVI,wtZJkgs6vVI
630,2024-01-31,06:59:48-08:00,比特幣還有得漲？偷跑沒好結果！玄學也上了……,https://www.youtube.com/watch?v=gBaURrIGoLs,gBaURrIGoLs
631,2024-01-30,07:00:05-08:00,BTC漲完了嗎？錯過做多怎麼辦？何時做空？！,https://www.youtube.com/watch?v=5Rh8L4ZAmG8,5Rh8L4ZAmG8
632,2024-01-29,07:19:50-08:00,比特幣周線看漲！回踩XX可做多？漲到哪？,https://www.youtube.com/watch?v=HxrwmVpC9WY,HxrwmVpC9WY
633,2024-01-26,06:52:56-08:00,BTC滿月暴拉，創新高？一個買入區間！,https://www.youtube.com/watch?v=iNFRHrKW_fQ,iNFRHrKW_fQ
634,2024-01-25,06:49:22-08:00,BTC盤口的好消息！賣單撤了，買的多了，滿月拉起來？！,https://www.youtube.com/watch?v=wH3Z0JUpsZU,wH3Z0JUpsZU
635,2024-01-24,06:42:48-08:00,比特幣若收回，就有反彈！ETH、BNB、SOL，小幣也有機會？,https://www.youtube.com/watch?v=HgJOtGbZaDI,HgJOtGbZaDI
636,2024-01-23,06:56:35-08:00,BTC若不回40000，將很危險！做反彈先要看到……,https://www.youtube.com/watch?v=XhGeptDs8jI,XhGeptDs8jI
637,2024-01-22,06:40:27-08:00,BTC空缺還在，40000要來？收回這裡可抄底！,https://www.youtube.com/watch?v=RSu_Z8rnFSk,RSu_Z8rnFSk
638,2024-01-20,02:04:36-08:00,BTC跌到位了？40000缺口補了沒？！,https://www.youtube.com/watch?v=iBoiE4hlwO4,iBoiE4hlwO4
639,2024-01-19,00:22:08-08:00,比特幣，可能跌破40000？目標位多少？,https://www.youtube.com/watch?v=3Qo1TxzPPSk,3Qo1TxzPPSk
640,2024-01-18,01:39:28-08:00,比特幣，盤整後去哪？這條清晰的線，留意跌破！,https://www.youtube.com/watch?v=a4cBAgJKFVc,a4cBAgJKFVc
641,2024-01-17,01:12:50-08:00,BTC到這，就有大戶賣！或者再上50000，去測0.66？,https://www.youtube.com/watch?v=czy_qNbFuwc,czy_qNbFuwc
642,2024-01-13,02:41:07-08:00,比特幣跌8000！利好出盡，人也跑了，回抽就空？,https://www.youtube.com/watch?v=CDtu6NCKLuo,CDtu6NCKLuo
643,2024-01-12,01:13:19-08:00,BTC利好出盡！馬上跑？48K假突破，小心！,https://www.youtube.com/watch?v=8s17p5_ekJU,8s17p5_ekJU
644,2024-01-11,02:14:56-08:00,比特幣ETF利好兌現！馬上開始炒：以太ETF！！,https://www.youtube.com/watch?v=NFeMoAMWp2A,NFeMoAMWp2A
645,2024-01-10,03:06:57-08:00,SEC盜號！比特幣ETF假消息！以太ETH為何有機會？！,https://www.youtube.com/watch?v=x27Ckm5qFKs,x27Ckm5qFKs
646,2024-01-09,00:38:29-08:00,比特幣48000一步之遙！現貨ETF，小心大波動！,https://www.youtube.com/watch?v=pVWvsrZvpx8,pVWvsrZvpx8
647,2024-01-06,01:37:16-08:00,比特幣，急漲急跌後的盤整！醞釀大動作？耐心持倉等方向！,https://www.youtube.com/watch?v=nL5J0vDoC7A,nL5J0vDoC7A
648,2024-01-05,02:39:40-08:00,BTC忽漲忽跌，費率重回正常！比特幣下一步去哪？,https://www.youtube.com/watch?v=gKqo_Ek9F0E,gKqo_Ek9F0E
649,2024-01-03,22:38:47-08:00,比特幣暴跌5000！頹勢出現？依然逢低做多？或回抽做空？,https://www.youtube.com/watch?v=S2623ZXKHOw,S2623ZXKHOw
650,2024-01-02,20:32:53-08:00,BTC突破站穩？回踩前高，並未跌回！但CoinBase卻跌10%……,https://www.youtube.com/watch?v=rqbW6eD6trg,rqbW6eD6trg
651,2024-01-01,22:11:10-08:00,比特幣45000，新年有新高！繼續漲，去48000？跌回就很慘！,https://www.youtube.com/watch?v=W6SKSWgvrXs,W6SKSWgvrXs
652,2023-12-30,00:13:45-08:00,比特幣，三角盤整？！上漲中繼？留意跌破！ETH繼續漲？,https://www.youtube.com/watch?v=fIFBcXFpMfI,fIFBcXFpMfI
653,2023-12-29,02:26:23-08:00,BTC怎麼漲的，就怎麼跌！ETH也假突破，頹了？未必！,https://www.youtube.com/watch?v=TQgBWCKwFeA,TQgBWCKwFeA
654,2023-12-28,00:33:26-08:00,比特幣小反彈，以太大暴漲！板塊輪動，接下來就是山寨漲？,https://www.youtube.com/watch?v=XZMF41-T87g,XZMF41-T87g
655,2023-12-27,01:33:36-08:00,BTC跌是為了繼續漲？反彈目標位？若這樣，或可做空！,https://www.youtube.com/watch?v=ooQYAlVEBLY,ooQYAlVEBLY
656,2023-12-23,21:31:57-08:00,比特幣，聖誕盤整！跌破？突破？即將出方向！SOL的上漲中繼？,https://www.youtube.com/watch?v=wMTHcF02N4A,wMTHcF02N4A
657,2023-12-22,01:18:07-08:00,比特幣，盤整蓄勢！BTC做多機會？ETH將強勢？,https://www.youtube.com/watch?v=tdYxVN559PM,tdYxVN559PM
658,2023-12-21,01:05:03-08:00,比特幣未見頹勢！再創新高？！ETH相對更弱，但留心反轉……,https://www.youtube.com/watch?v=8cqcO83SWxc,8cqcO83SWxc
659,2023-12-19,02:39:15-08:00,比特幣強反彈，再上43000！誰買起來的？識別清晰買入信號！,https://www.youtube.com/watch?v=knhSEYsoux8,knhSEYsoux8
660,2023-12-16,03:46:00-08:00,比特幣見頂？仍上48000？上下線是指引！ICP要啟動？,https://www.youtube.com/watch?v=PbFJwzj-g4I,PbFJwzj-g4I
661,2023-12-15,00:53:29-08:00,比特幣如期反彈，又來43500！BONK一天翻倍！如何提早關注？,https://www.youtube.com/watch?v=JDYQuZoWWXM,JDYQuZoWWXM
662,2023-12-13,02:52:30-08:00,比特幣，瞬跌4000！見頂了快跑？又一次逢底就買？ETH撐住？！,https://www.youtube.com/watch?v=PXt61TDZMD4,PXt61TDZMD4
663,2023-12-09,02:13:39-08:00,比特幣牛旗突破，卻前高跌回！ETH山寨漲太猛，繼續漲or馬上崩？,https://www.youtube.com/watch?v=VvOuiFXNxbY,VvOuiFXNxbY
664,2023-12-08,00:06:22-08:00,BTC漲完，ETH接棒？比特幣下降通道，等突破？以太為何漲？,https://www.youtube.com/watch?v=VHoUahgUXME,VHoUahgUXME
665,2023-12-06,21:34:46-08:00,BTC上漲中繼？好多人做空！合約持倉新高，崩盤？上輪跌53.6%……,https://www.youtube.com/watch?v=pg6IZ9qgEKc,pg6IZ9qgEKc
666,2023-12-05,23:21:12-08:00,BTC一天漲兩千，48000一步之遙？ETH何時啟動？,https://www.youtube.com/watch?v=6Gp2giYDszU,6Gp2giYDszU
667,2023-12-05,01:17:12-08:00,比特幣42000，歇一下再漲？中途上車形態！還回踩40K嗎？,https://www.youtube.com/watch?v=m0j2YWnHx4k,m0j2YWnHx4k
668,2023-12-04,01:08:36-08:00,週末加更！BTC突破通道，曾開啟ETH瘋牛行情！48000？,https://www.youtube.com/watch?v=CVDkTcWkQGk,CVDkTcWkQGk
669,2023-11-30,23:35:06-08:00,BTC再漲新高？做多計劃完成！還能漲，是多頭強，還是空頭傻？,https://www.youtube.com/watch?v=84FH9LvYNPw,84FH9LvYNPw
670,2023-11-30,01:50:30-08:00,比特幣38500摸到就跌回！不斷新高，趨勢超強？又一次假突破，拉高出貨？,https://www.youtube.com/watch?v=i-MrCEqUtJ4,i-MrCEqUtJ4
671,2023-11-29,01:11:52-08:00,比特幣，再上38K！再測新高？做多？！做空？！ETH還是會突破？,https://www.youtube.com/watch?v=IvjflxCy7ek,IvjflxCy7ek
672,2023-11-27,23:13:42-08:00,BTC假突破後，順暢下跌！沒反彈？還能再回38K嗎？,https://www.youtube.com/watch?v=t__ug9Nlat8,t__ug9Nlat8
673,2023-11-24,23:41:01-08:00,比特幣38K假突破！這不新奇，以前也這樣！接下來呢？,https://www.youtube.com/watch?v=xmwZm291WZM,xmwZm291WZM
674,2023-11-23,01:30:13-08:00,比特幣，38000不上來一下？CZ幣安的劇本，《華爾街之狼》早已寫好？！,https://www.youtube.com/watch?v=q8iJQJKaImA,q8iJQJKaImA
675,2023-11-22,02:11:21-08:00,幣安和解！CZ坐牢？利空or利好？我看了半夜，你就不用了…,https://www.youtube.com/watch?v=XC6Fqiwokkc,XC6Fqiwokkc
676,2023-11-20,23:33:57-08:00,比特幣還能漲！？MACD頂背離不管用？38000新高再來一次？,https://www.youtube.com/watch?v=Tl-XEKUdOiA,Tl-XEKUdOiA
677,2023-11-17,22:15:46-08:00,BTC小波動日的交易機會！比特幣蓄力中，醞釀下次大動作！週末繼續漲？,https://www.youtube.com/watch?v=YT-bmZFiMD4,YT-bmZFiMD4
678,2023-11-16,23:01:32-08:00,比特幣38000上不去？未新高就急跌！為何撐住？38K還挑戰嗎？,https://www.youtube.com/watch?v=GrmQk_yQnbk,GrmQk_yQnbk
679,2023-11-16,01:47:47-08:00,比特幣又來38000！再創新高？MACD頂背離還在！繼續多？果斷空？,https://www.youtube.com/watch?v=DbqAeT_QmjQ,DbqAeT_QmjQ
680,2023-11-14,22:55:50-08:00,比特幣，背離就暴跌！不反彈嗎？BTC、ETH跌到這撐住！追個空？,https://www.youtube.com/watch?v=cLRLEPlxGSc,cLRLEPlxGSc
681,2023-11-13,22:24:23-08:00,BTC見頂？MACD死叉！危險信號，卻不追空？ETH短期強勢！,https://www.youtube.com/watch?v=ycvKsnm2bZQ,ycvKsnm2bZQ
682,2023-11-11,01:09:40-08:00,比特幣，仍強勢！38000再來一次？翻倍的Tia幣，和我什麼關係？,https://www.youtube.com/watch?v=kitDllTdVbo,kitDllTdVbo
683,2023-11-10,02:21:50-08:00,比特幣38000！突然急跌，拋壓來到？多空界限：三角上邊緣！,https://www.youtube.com/watch?v=CMIFLw_oLac,CMIFLw_oLac
684,2023-11-09,01:34:50-08:00,BTC看漲三角，繼續漲！回踩上車？留意MACD背離！,https://www.youtube.com/watch?v=bnzvg7OIyHc,bnzvg7OIyHc
685,2023-11-08,00:09:01-08:00,BTC看漲三角，卻假突破？對稱三角&上升三角，都看漲？交易機會是……,https://www.youtube.com/watch?v=oI-7QW04yRc,oI-7QW04yRc
686,2023-11-07,00:21:52-08:00,BTC完全三角盤整！上漲勢頭的中繼？為何市場框架一變，行情馬上反轉？,https://www.youtube.com/watch?v=h_UBZ4jzaIs,h_UBZ4jzaIs
687,2023-11-03,22:52:36-07:00,比特幣，險要位置！周線日線，ETH、SPX、NQ，最詳細分析！,https://www.youtube.com/watch?v=KqJK5-UdNtI,KqJK5-UdNtI
688,2023-11-02,22:10:14-07:00,BTC缺口補完就下跌！去下個缺口？ETH打空頭止損！,https://www.youtube.com/watch?v=1_aWLecuXbs,1_aWLecuXbs
689,2023-11-01,23:11:00-07:00,比特幣，再攻36000！漲→盤整→漲？仍要留意陷阱！,https://www.youtube.com/watch?v=O7eHpiRdo90,O7eHpiRdo90
690,2023-10-30,21:48:15-07:00,BTC月線在這！周線尷尬？日線盤整，留意這些交易機會！,https://www.youtube.com/watch?v=Nr06upcsM9c,Nr06upcsM9c
691,2023-10-27,22:45:14-07:00,比特幣，懸停多日！蓄勢待發？掉頭向下？,https://www.youtube.com/watch?v=W3BoGngsx1U,W3BoGngsx1U
692,2023-10-25,20:59:20-07:00,比特幣，波動放大！小心三角盤整的盡頭！大級別0.382，阻力重重？,https://www.youtube.com/watch?v=6drBX2n6i7s,6drBX2n6i7s
693,2023-10-24,22:26:11-07:00,比特幣，暴漲後去哪？不可忽視的缺口！做多&做空時機？,https://www.youtube.com/watch?v=6mjAcLCc75A,6mjAcLCc75A
694,2023-10-23,22:19:31-07:00,BTC狂漲6000，突破強阻力！2024牛市提前來？,https://www.youtube.com/watch?v=Q7zDw21wcFQ,Q7zDw21wcFQ
695,2023-10-21,07:35:57-07:00,BTC能否上30000？關鍵阻力，掉頭向下？ETF醞釀中，做空？做多？,https://www.youtube.com/watch?v=UzZxcw9pU0M,UzZxcw9pU0M
696,2023-10-20,00:05:14-07:00,BTC空頭踩踏導致的上漲？還是比特幣ETF消息引發的？如何應對？！,https://www.youtube.com/watch?v=WKScoLVCRVU,WKScoLVCRVU
697,2023-10-18,01:13:42-07:00,BTC急漲急跌後，盤整一下？心急做空的，恐怕擁擠！,https://www.youtube.com/watch?v=upd3SIj-HoU,upd3SIj-HoU
698,2023-10-17,02:10:49-07:00,BTC漲10%，上30000！為何又跌回27K？現貨ETF真假利好？C浪下跌來了？！,https://www.youtube.com/watch?v=f1bxD9wgTx0,f1bxD9wgTx0
699,2023-10-13,22:42:52-07:00,BTC回彈遇阻！上面是誰在賣？交易是賭場？贏在概率！,https://www.youtube.com/watch?v=uq68qZa_x-0,uq68qZa_x-0
700,2023-10-12,02:06:31-07:00,BTC向下出方向！是否下跌C浪？抄底要有耐心！,https://www.youtube.com/watch?v=h-W6iPzvo5c,h-W6iPzvo5c
701,2023-10-10,21:28:21-07:00,BTC總算跌到位？！如何抓反轉？我留意鬧鐘⏰！,https://www.youtube.com/watch?v=mb_ZGlKiqiI,mb_ZGlKiqiI
702,2023-10-09,22:11:02-07:00,BTC清晰盤整！大概率去這？ETH更頹？,https://www.youtube.com/watch?v=8Bhv1m2yCTs,8Bhv1m2yCTs
703,2023-10-06,20:34:21-07:00,BTC上下洗盤，專打止損！卻是上好的交易機會？！,https://www.youtube.com/watch?v=gkLNv2Sa8MA,gkLNv2Sa8MA
704,2023-10-05,21:22:39-07:00,BTC反彈受阻！0.618死貓反彈？！這次還抄底嗎？,https://www.youtube.com/watch?v=Ql18p0446CE,Ql18p0446CE
705,2023-10-04,23:34:54-07:00,比特幣反彈！為什麼反彈？怎麼抓住機會？,https://www.youtube.com/watch?v=_-b9UU1Qn9U,_-b9UU1Qn9U
706,2023-10-03,22:03:58-07:00,比特幣，能撐住嗎？前高很重要，跌破則一去不復返……,https://www.youtube.com/watch?v=XrW8MD77QxY,XrW8MD77QxY
707,2023-10-02,21:58:09-07:00,比特幣，突破就暴漲！但迅速跌回……B浪走完？或回踩接人上車？,https://www.youtube.com/watch?v=_lZ3nvSP_i4,_lZ3nvSP_i4
708,2023-09-29,22:18:12-07:00,BTC挑戰趨勢線，伺機突破？！若前高站穩，可短多？,https://www.youtube.com/watch?v=u71VZjBlZI0,u71VZjBlZI0
709,2023-09-28,21:38:05-07:00,比特幣，又拉起來！臨近趨勢線！壓不住了？,https://www.youtube.com/watch?v=ou7xqNrs-0I,ou7xqNrs-0I
710,2023-09-27,22:36:17-07:00,BTC，無緣無故畫門？No！目的很明確，方向很清晰！,https://www.youtube.com/watch?v=6YecN3eGrF0,6YecN3eGrF0
711,2023-09-25,23:23:54-07:00,BTC，墓碑線確認！跌回盤整區，做空？！跌哪去？,https://www.youtube.com/watch?v=PhWUEqCMdxU,PhWUEqCMdxU
712,2023-09-22,17:59:25-07:00,比特幣，一周白漲？趨勢線跌破？清晰交易計畫！,https://www.youtube.com/watch?v=lTEFwjRwpe4,lTEFwjRwpe4
713,2023-09-20,20:43:46-07:00,BTC三測趨勢線！跌破做空？警惕假動作！,https://www.youtube.com/watch?v=12IXAZYnIOA,12IXAZYnIOA
714,2023-09-19,22:42:37-07:00,BTC跌不動，有可能去更高？！會不會去測試這日線？,https://www.youtube.com/watch?v=uBcxztAs8ns,uBcxztAs8ns
715,2023-09-19,00:38:04-07:00,BTC上下畫門！每次都同一套路，抓住下次機會！,https://www.youtube.com/watch?v=gI1iVhpuNX4,gI1iVhpuNX4
716,2023-09-15,22:24:34-07:00,BTC，何去何從？漲不動，也跌不下去！盤整，或繼續反彈？,https://www.youtube.com/watch?v=1HqEU3TcnKk,1HqEU3TcnKk
717,2023-09-13,21:17:26-07:00,BTC反復磨損，不肯下跌！耐心等，這些地方還是會來！,https://www.youtube.com/watch?v=EMmiztvr_dY,EMmiztvr_dY
718,2023-09-12,21:23:47-07:00,BTC精準投遞，恰到好處！上漲和下跌的邏輯，詳細分析！,https://www.youtube.com/watch?v=hzQxdnE7oOA,hzQxdnE7oOA
719,2023-09-11,21:50:48-07:00,BTC，一分鐘1000刀！跌圓滿後，可以漲了！,https://www.youtube.com/watch?v=oy6CNbOJH6U,oy6CNbOJH6U
720,2023-09-08,22:46:22-07:00,BTC小誘多，又跌回！還能繼續盤？和以往都不一樣的三週！,https://www.youtube.com/watch?v=tpCn4sGw-Ww,tpCn4sGw-Ww
721,2023-09-07,22:47:29-07:00,BTC，漲出盤整區？小心這受阻！斐波螺旋？,https://www.youtube.com/watch?v=wiJ1qGTbBb4,wiJ1qGTbBb4
722,2023-09-06,21:21:32-07:00,BTC，先下後上？三重底，去這的概率增加了！ETH呢？,https://www.youtube.com/watch?v=qcNcwUAGQq4,qcNcwUAGQq4
723,2023-09-04,22:51:52-07:00,BTC，周線在這！兩條線，一個門，就等它了！,https://www.youtube.com/watch?v=M_OuvfZK48g,M_OuvfZK48g
724,2023-09-01,21:59:30-07:00,BTC，這裡有掛單？最好還是去一下！比特幣行情梳理！,https://www.youtube.com/watch?v=vLFOJt5oSGY,vLFOJt5oSGY
725,2023-09-01,01:09:32-07:00,比特幣，跌回25K！是B浪反彈完了，還是A浪下跌還沒到位？,https://www.youtube.com/watch?v=jqeAfY_XI3I,jqeAfY_XI3I
726,2023-08-30,21:55:37-07:00,比特幣，暴漲後緩跌？是上漲中繼嗎？再漲一點會更好！,https://www.youtube.com/watch?v=KcSkgqPRhKM,KcSkgqPRhKM
727,2023-08-29,23:16:00-07:00,比特幣，B浪反彈？漲到多少？可能還有下跌C浪！？,https://www.youtube.com/watch?v=09Dkrz61Ikg,09Dkrz61Ikg
728,2023-08-28,22:39:31-07:00,BTC，盤整即蓄水！之後大概率去哪？現在別下賭注！,https://www.youtube.com/watch?v=4zAQSuAPsCU,4zAQSuAPsCU
729,2023-08-24,21:34:52-07:00,BTC，還是要去這？完成投遞後，重新跌回！最清晰的計劃！,https://www.youtube.com/watch?v=pKyoqHT7c_w,pKyoqHT7c_w
730,2023-08-23,22:46:23-07:00,BTC，反彈持續！下一站到？B浪或C浪？！,https://www.youtube.com/watch?v=nGooRdQ3L5o,nGooRdQ3L5o
731,2023-08-22,22:58:46-07:00,BTC，0.618就反彈？前高是道坎！這一帶支撐仍有效？,https://www.youtube.com/watch?v=4ily7hINDVA,4ily7hINDVA
732,2023-08-21,21:37:15-07:00,BTC盤整後去哪？很有可能這樣走，不妨等待！,https://www.youtube.com/watch?v=ZRWohCJmYkk,ZRWohCJmYkk
733,2023-08-18,04:48:51-07:00,BTC急跌！一天就到24K！平空做多？下跌A浪走完？,https://www.youtube.com/watch?v=tSKDscqLQoE,tSKDscqLQoE
734,2023-08-17,03:05:18-07:00,比特幣，前低再破！下跌A浪，何時可抄底？,https://www.youtube.com/watch?v=Cy8i1aDVnIs,Cy8i1aDVnIs
735,2023-08-16,02:52:23-07:00,BNB出問題？留意真假跌破！為何BTC這麼弱……,https://www.youtube.com/watch?v=OvExl4TA_2Y,OvExl4TA_2Y
736,2023-08-15,03:08:03-07:00,比特幣，極度穩定！上漲稍縱即逝，重回穩定幣…或許只是回踩？,https://www.youtube.com/watch?v=EyYG8zWKceU,EyYG8zWKceU
737,2023-08-13,23:29:06-07:00,比特幣，週末拉漲！是好，是壞？耐不住了就有大動作？,https://www.youtube.com/watch?v=K-tqcakbcmk,K-tqcakbcmk
738,2023-08-11,23:19:01-07:00,BTC精準反彈！0.618/0.66能否撐住？獵殺了多頭！,https://www.youtube.com/watch?v=BMCFGwXwDiQ,BMCFGwXwDiQ
739,2023-08-10,22:33:17-07:00,BTC，跌不跌得下去？波動漸小，不可忽視的行情！,https://www.youtube.com/watch?v=O6CktgxYMC8,O6CktgxYMC8
740,2023-08-09,21:40:27-07:00,BTC，跌到鯊魚目標位？耐心等到這……簡單清晰！,https://www.youtube.com/watch?v=SAsXTBKFnig,SAsXTBKFnig
741,2023-08-08,21:42:27-07:00,BTC，果然爆拉！前高受阻，能否再漲？,https://www.youtube.com/watch?v=X_DovLP0qWQ,X_DovLP0qWQ
742,2023-08-07,23:33:51-07:00,BTC都在做空？小心反彈！周線分析，等這個機會！,https://www.youtube.com/watch?v=CS4O33QS7fk,CS4O33QS7fk
743,2023-08-04,21:58:19-07:00,BTC，前低再測！波動漸小，何去何從？周線分析,https://www.youtube.com/watch?v=a6dQr9yhdU8,a6dQr9yhdU8
744,2023-08-03,22:37:04-07:00,BTC這麼弱，還能反彈不？回抽不過開啟下跌？,https://www.youtube.com/watch?v=661xUQe5IZw,661xUQe5IZw
745,2023-08-03,03:52:29-07:00,BTC，深度回踩！還有反彈嗎？這一帶，不能失守！,https://www.youtube.com/watch?v=EgkFpJAlx3w,EgkFpJAlx3w
746,2023-08-01,22:37:41-07:00,比特幣，看漲吞沒！沉寂之後，暴力拉起，有戲？,https://www.youtube.com/watch?v=T0EL6-sCv1M,T0EL6-sCv1M
747,2023-07-31,22:21:00-07:00,BTC，繼續跌破！下跌A浪？追空，還來得及？,https://www.youtube.com/watch?v=Q0HwvwNB7sY,Q0HwvwNB7sY
748,2023-07-27,23:55:11-07:00,比特幣，漲不上來，跌不下去！誰來推它一把？,https://www.youtube.com/watch?v=XGXqHAu3cLI,XGXqHAu3cLI
749,2023-07-26,23:31:45-07:00,比特幣，不太肯跌！但肯漲嗎？追空者止損，然後呢？,https://www.youtube.com/watch?v=h08MVqibDZw,h08MVqibDZw
750,2023-07-26,00:01:36-07:00,比特幣，該跌不跌！回抽後才跌？拉回後反彈？,https://www.youtube.com/watch?v=yFNKUGVnm8A,yFNKUGVnm8A
751,2023-07-24,22:46:47-07:00,比特幣，跌破盤整區！回調浪開啟？加倉做空？,https://www.youtube.com/watch?v=m2sgXCj7Hgk,m2sgXCj7Hgk
752,2023-07-21,23:25:35-07:00,BTC清晰邊界，等它來！為什麼每日更新？,https://www.youtube.com/watch?v=bCYH__-V1S4,bCYH__-V1S4
753,2023-07-20,22:09:33-07:00,比特幣，反彈太弱！空頭偷跑？美股遇阻，Tesla利好卻暴跌？,https://www.youtube.com/watch?v=SU-3CE4AZYM,SU-3CE4AZYM
754,2023-07-20,00:05:49-07:00,BTC，一點微小的反彈,https://www.youtube.com/watch?v=n_Mr3vHWKc8,n_Mr3vHWKc8
755,2023-07-18,23:04:46-07:00,比特幣，跌到位了？彈來彈去，反復獵殺！,https://www.youtube.com/watch?v=9qeS0AddXb8,9qeS0AddXb8
756,2023-07-17,21:38:52-07:00,BTC，追個空？下沿試探，小反彈有沒有？,https://www.youtube.com/watch?v=NOPrz2ZWPTQ,NOPrz2ZWPTQ
757,2023-07-14,23:27:57-07:00,比特幣跌$2000！沒啥利空，怎麼就砸盤了？,https://www.youtube.com/watch?v=YFoa-SnIQi8,YFoa-SnIQi8
758,2023-07-13,21:49:09-07:00,比特幣，再創小新高！XRP真利好，一天翻倍！但BTC卻跌回？,https://www.youtube.com/watch?v=5ycFRTUsblI,5ycFRTUsblI
759,2023-07-12,22:36:38-07:00,美股瘋漲，BTC緩跌！出了問題？要去哪？,https://www.youtube.com/watch?v=o9nxsu4q8iw,o9nxsu4q8iw
760,2023-07-12,00:51:03-07:00,不跌反升！Coinbase大漲10%，BTC也漲點？,https://www.youtube.com/watch?v=laa38qR7i4o,laa38qR7i4o
761,2023-07-11,00:32:11-07:00,BTC回抽31000！上下畫門，只為補缺口？,https://www.youtube.com/watch?v=zVCWmJgaF3Q,zVCWmJgaF3Q
762,2023-07-06,22:14:37-07:00,比特幣，那事發生了……小心！,https://www.youtube.com/watch?v=5w5wtw3d9KQ,5w5wtw3d9KQ
763,2023-07-05,21:42:40-07:00,BTC不破前高，頹？！一部電影教我的交易原則！Q&A,https://www.youtube.com/watch?v=mViStKlppUo,mViStKlppUo
764,2023-07-03,20:53:47-07:00,比特幣，再測31500！Coinbase暴漲，BTC跟隨！ETH呢？,https://www.youtube.com/watch?v=ZNwr_pa4DLU,ZNwr_pa4DLU
765,2023-06-30,20:17:36-07:00,BTC天地針！ETF未通過？新聞是怎麼成為新聞的！,https://www.youtube.com/watch?v=HyfKTAmTCLQ,HyfKTAmTCLQ
766,2023-06-29,23:06:55-07:00,BTC再上31K，創新高？！再突破？小心了！,https://www.youtube.com/watch?v=VFmeDcib06g,VFmeDcib06g
767,2023-06-28,23:43:59-07:00,比特幣，跌到位了嗎？忍不住想追空？,https://www.youtube.com/watch?v=uKrEiwhKpUY,uKrEiwhKpUY
768,2023-06-26,23:49:19-07:00,BTC，邊界清晰！小區間的完美交易！有無反彈？,https://www.youtube.com/watch?v=JGPTwtszsIo,JGPTwtszsIo
769,2023-06-25,23:19:27-07:00,比特幣，31000難上去？周線很強，但初現頹勢！,https://www.youtube.com/watch?v=Ap0_kVZkaTQ,Ap0_kVZkaTQ
770,2023-06-23,16:36:26-07:00,比特幣，31400新高！繼續漲？！假突破後，掉頭向下？,https://www.youtube.com/watch?v=AoSWPpot0J8,AoSWPpot0J8
771,2023-06-22,20:33:24-07:00,比特幣，休息後再漲？中繼形態？迫不及待做空？,https://www.youtube.com/watch?v=F2FUSmWrbiw,F2FUSmWrbiw
772,2023-06-21,19:54:14-07:00,比特幣30000！新高一步之遙，到不到？之後呢……,https://www.youtube.com/watch?v=7ePibw4hbpw,7ePibw4hbpw
773,2023-06-20,21:06:48-07:00,比特幣29000！突破就暴漲！漲勢很好，卻打算止盈？,https://www.youtube.com/watch?v=uhvz6rzUZGk,uhvz6rzUZGk
774,2023-06-19,21:21:40-07:00,BTC周線還行！趨勢線…突破就爆發？,https://www.youtube.com/watch?v=yAoo-GwgQp8,yAoo-GwgQp8
775,2023-06-17,02:29:58-07:00,BTC重回26K，完美25200回踩，就這樣走了？留意這趨勢線！,https://www.youtube.com/watch?v=kdN8AIx_dbE,kdN8AIx_dbE
776,2023-06-15,23:56:34-07:00,比特幣，25K撐住！反彈苗頭？,https://www.youtube.com/watch?v=4YxJDaHt1YU,4YxJDaHt1YU
777,2023-06-14,23:48:27-07:00,比特幣，25K沒撐住？這要跌到哪去？,https://www.youtube.com/watch?v=gootHCuH2Vw,gootHCuH2Vw
778,2023-06-13,19:35:25-07:00,比特幣，上攻受挫？留意回踩！特斯拉暴漲…到何時？,https://www.youtube.com/watch?v=fwqI9RELVYQ,fwqI9RELVYQ
779,2023-06-12,20:46:42-07:00,BTC周線，真那麼弱？負面消息滿天飛，前低卻未跌破！,https://www.youtube.com/watch?v=OHd3D85I1c8,OHd3D85I1c8
780,2023-06-10,03:41:57-07:00,BTC閃崩！幣安退出美國？關停美元交易！山寨狂跌，因robinhood砸盤？,https://www.youtube.com/watch?v=UqX0wxUb628,UqX0wxUb628
781,2023-06-09,02:04:21-07:00,比特幣，0.618撐住？等前高，雖然未必會到,https://www.youtube.com/watch?v=2KeXmM9TfPg,2KeXmM9TfPg
782,2023-06-08,01:46:23-07:00,BTC掉頭向下！受阻0.618，支撐也0.618？,https://www.youtube.com/watch?v=GGL5nwHW-7E,GGL5nwHW-7E
783,2023-06-07,00:27:20-07:00,BTC反彈2000！假新聞誘空，這次去更高？,https://www.youtube.com/watch?v=D5odGEQyKes,D5odGEQyKes
784,2023-06-06,01:11:48-07:00,比特幣，回踩25200？看漲？看跌？,https://www.youtube.com/watch?v=mvEwFDtV3F8,mvEwFDtV3F8
785,2023-06-05,00:43:07-07:00,比特幣，周線更新！同一時間，同樣假突破！,https://www.youtube.com/watch?v=GMrCTliaLag,GMrCTliaLag
786,2023-06-03,00:50:30-07:00,BTC看漲吞沒？反彈到多少？神奇OB是什麼，回答觀眾提問！,https://www.youtube.com/watch?v=_biTZfgmgwY,_biTZfgmgwY
787,2023-06-02,00:53:10-07:00,BTC小反彈！跌破收回，就此反轉？給你看訂單墻！,https://www.youtube.com/watch?v=GUCLa8OUiD0,GUCLa8OUiD0
788,2023-06-01,00:08:31-07:00,BTC，依然等反彈？破前低更好？五月就這樣盤過去了！,https://www.youtube.com/watch?v=bF4W0MhWFjA,bF4W0MhWFjA
789,2023-05-31,01:47:51-07:00,比特幣，假突破後，急跌！缺口能否撐住？,https://www.youtube.com/watch?v=uuqyLZ3IEMQ,uuqyLZ3IEMQ
790,2023-05-30,01:40:05-07:00,比特幣，周線強勢！死貓反彈，或創新高？,https://www.youtube.com/watch?v=exeT4IZzrJg,exeT4IZzrJg
791,2023-05-27,02:16:30-07:00,比特幣：打算做多？再看看。打算做空？再想想！,https://www.youtube.com/watch?v=B_cdZlk0JdQ,B_cdZlk0JdQ
792,2023-05-25,22:45:41-07:00,BTC超清晰，支撐阻力互換位！有人在阻力位做多？,https://www.youtube.com/watch?v=Encd-8s2Fa4,Encd-8s2Fa4
793,2023-05-24,23:18:30-07:00,比特幣，撐不住了？跌破重要價位，卻不追空？,https://www.youtube.com/watch?v=gO0RVnmZcw4,gO0RVnmZcw4
794,2023-05-24,00:24:28-07:00,BTC還在盤整！但美股ES假突破已確認？,https://www.youtube.com/watch?v=0PzPHZeov0E,0PzPHZeov0E
795,2023-05-22,23:24:17-07:00,BTC活過來了？披薩日上漲！高拋低吸，但為何暫不做空？,https://www.youtube.com/watch?v=7OKQ9t6qNKM,7OKQ9t6qNKM
796,2023-05-21,22:55:09-07:00,BTC周線更新！盤整夠久了，何時出方向？,https://www.youtube.com/watch?v=mRwNnexFqMA,mRwNnexFqMA
797,2023-05-20,00:38:19-07:00,美股期貨ES假突破，比特幣BTC是福是禍？,https://www.youtube.com/watch?v=RGdvB7U1r7Y,RGdvB7U1r7Y
798,2023-05-19,00:07:00-07:00,美股暴拉，帶BTC一把！？仍看漲，除非ES假突破……,https://www.youtube.com/watch?v=ccyeHKaeqAE,ccyeHKaeqAE
799,2023-05-17,21:46:36-07:00,BTC誘空反彈，漲到哪？美股超強勢，跟隨嗎？,https://www.youtube.com/watch?v=uga5pIbv9J0,uga5pIbv9J0
800,2023-05-16,23:33:27-07:00,BTC極小波動！暴風雨前的寧靜？頭肩頂跌破，且回抽無力？！,https://www.youtube.com/watch?v=xkNau08OACc,xkNau08OACc
801,2023-05-15,23:23:38-07:00,比特幣，反彈結束？別急，事情是這樣的……,https://www.youtube.com/watch?v=UfzkN-UzlYw,UfzkN-UzlYw
802,2023-05-14,23:24:08-07:00,比特幣，周線強？弱？收回27K，完美回踩，繼續漲？,https://www.youtube.com/watch?v=8MZVzpbxqqk,8MZVzpbxqqk
803,2023-05-12,23:25:26-07:00,比特幣，空頭陷阱？！收回前低，何時做多？ETH也做多？,https://www.youtube.com/watch?v=ie5_ueZwIFM,ie5_ueZwIFM
804,2023-05-11,22:29:51-07:00,比特幣，空頭狂歡！26500，真支撐？假支撐？跌破去哪？！,https://www.youtube.com/watch?v=LsTI8OwtcYk,LsTI8OwtcYk
805,2023-05-10,22:15:05-07:00,BTC上下洗盤！多空雙爆，意圖何在？多次出現過！,https://www.youtube.com/watch?v=S8XC917IOpg,S8XC917IOpg
806,2023-05-09,00:33:59-07:00,比特幣，做空安全？若跌到這，且收回，考慮做多！,https://www.youtube.com/watch?v=vQAF-jKUE9E,vQAF-jKUE9E
807,2023-05-06,01:50:23-07:00,ETH出貨？PEPE翻倍！BTC漲不動，見頂信號？,https://www.youtube.com/watch?v=TnmOD-76Xgo,TnmOD-76Xgo
808,2023-05-04,21:20:01-07:00,比特幣，還能新高？但小級別或有回調？又快滿月！,https://www.youtube.com/watch?v=V-ENlxyeTlg,V-ENlxyeTlg
809,2023-05-03,23:30:17-07:00,比特幣，加息日也漲！美股跌不停，BTC獨強？,https://www.youtube.com/watch?v=uishoxXtH4Y,uishoxXtH4Y
810,2023-05-02,22:17:02-07:00,BTC逆勢漲，強勢？！或許只是補缺口？,https://www.youtube.com/watch?v=Fi9SyyD07ps,Fi9SyyD07ps
811,2023-05-02,01:20:15-07:00,比特幣，周線強弱？多頭格局？空頭格局？看前低！,https://www.youtube.com/watch?v=FMvEhgGUljU,FMvEhgGUljU
812,2023-04-27,22:57:39-07:00,比特幣，30000還上來嗎？類似行情，之前出現過？,https://www.youtube.com/watch?v=dx9LdwVLl98,dx9LdwVLl98
813,2023-04-27,00:00:17-07:00,BTC上下$3000，激蕩畫門！上下投遞，多空雙賺，Why？,https://www.youtube.com/watch?v=DyhgbqemQ2Y,DyhgbqemQ2Y
814,2023-04-26,00:38:44-07:00,BTC強力反彈！上車做多？還是照計劃做空！？,https://www.youtube.com/watch?v=vKqyfBBDELY,vKqyfBBDELY
815,2023-04-25,01:30:32-07:00,BTC周線頹勢！反彈或為做空機會，但問題是有沒有反彈…,https://www.youtube.com/watch?v=7ittE9-9Gx8,7ittE9-9Gx8
816,2023-04-22,00:38:45-07:00,BTC跌不停！毫無反彈，怎麼交易？就這麼一直跌？,https://www.youtube.com/watch?v=HUX6ocU824A,HUX6ocU824A
817,2023-04-21,00:35:37-07:00,BTC假突破！日線跌回，抄底需謹慎！反彈空？,https://www.youtube.com/watch?v=3Z5Ljt-h_II,3Z5Ljt-h_II
818,2023-04-19,22:52:41-07:00,BTC如期下跌！做空明智嗎？ETH頹勢初現，等回抽到這！,https://www.youtube.com/watch?v=XHwg2_SL1BM,XHwg2_SL1BM
819,2023-04-18,20:11:20-07:00,比特幣，如期上漲！漲到哪？一片向好，但隱憂漸現！BTC\ETH\ARB,https://www.youtube.com/watch?v=bJ9_237ylvc,bJ9_237ylvc
820,2023-04-17,22:38:09-07:00,BTC周線信號！站穩則趨勢延續，若跌回則空！,https://www.youtube.com/watch?v=EY_NiX-X_hs,EY_NiX-X_hs
821,2023-04-14,21:05:07-07:00,BTC技術性回調？ETH前高之上，依然看漲？ARB等山寨有機會？！,https://www.youtube.com/watch?v=AmeYXg7hHf8,AmeYXg7hHf8
822,2023-04-13,21:48:49-07:00,BTC再漲，ETH突破！ARB歷史新高，清晰計劃！,https://www.youtube.com/watch?v=wxLHFGzM6xg,wxLHFGzM6xg
823,2023-04-13,01:42:21-07:00,比特幣，最重要周線！清晰盤整區，簡單的交易！,https://www.youtube.com/watch?v=AE8O7GNiAj8,AE8O7GNiAj8
824,2023-04-11,03:26:41-07:00,BTC三萬！為何暴漲？資金進來了？繼續漲？,https://www.youtube.com/watch?v=L-5JNOyTW-o,L-5JNOyTW-o
825,2023-04-07,01:42:22-07:00,BTC緩跌！狗狗幣Doge大戶出貨！價格波動不大，空頭熱情不小……,https://www.youtube.com/watch?v=3s8ycA7_L30,3s8ycA7_L30
826,2023-04-05,23:26:49-07:00,比特幣，蓄勢待……？！兩種暴漲可能，不妨先看看！,https://www.youtube.com/watch?v=IHAGd7wq5m4,IHAGd7wq5m4
827,2023-04-04,23:42:28-07:00,BTC去新高？再測阻力線！ETH暴漲，山寨幣跟上？,https://www.youtube.com/watch?v=U9Qo6ikvD0c,U9Qo6ikvD0c
828,2023-04-04,00:04:35-07:00,BTC吸籌或派發？周線分析！DOGE大暴漲，追不追？！,https://www.youtube.com/watch?v=1ruOJkOI1MQ,1ruOJkOI1MQ
829,2023-04-01,00:52:47-07:00,比特幣，第四次挑戰！強勢反彈，等新高？周線重要！,https://www.youtube.com/watch?v=ytViqXpQs8A,ytViqXpQs8A
830,2023-03-31,00:14:18-07:00,BTC順暢下跌！上升趨勢完結？上下插針的背後邏輯！,https://www.youtube.com/watch?v=gEUc16k63XU,gEUc16k63XU
831,2023-03-29,23:20:34-07:00,BTC上29000！多空交戰，假突破？不可忽視！,https://www.youtube.com/watch?v=_d3sEn83NAg,_d3sEn83NAg
832,2023-03-28,22:34:43-07:00,BTC如期反彈！追空，沒有好下場！接下來……？,https://www.youtube.com/watch?v=3RnubKscx1I,3RnubKscx1I
833,2023-03-27,23:18:31-07:00,BTC見頂形態？💎鑽石跌破，獵殺多頭止損！多空之間……,https://www.youtube.com/watch?v=tFGJGEzX6t0,tFGJGEzX6t0
834,2023-03-25,01:00:18-07:00,BTC上次也這樣！若上下顛倒，你看到什麼？,https://www.youtube.com/watch?v=hxMFSito0n4,hxMFSito0n4
835,2023-03-24,02:52:35-07:00,比特幣，暴漲又暴跌！短線完美時機，風高浪大好打漁！,https://www.youtube.com/watch?v=8YJQXh9sjF8,8YJQXh9sjF8
836,2023-03-22,20:59:50-07:00,比特幣，加息日暴跌！如期沖高、如期回落，接下來……？,https://www.youtube.com/watch?v=1SFb6c2LtO4,1SFb6c2LtO4
837,2023-03-21,20:12:43-07:00,比特幣，加息日破前高？做空不安全？小心消息日的獵殺止損！,https://www.youtube.com/watch?v=5gqGt5isSBg,5gqGt5isSBg
838,2023-03-20,21:21:47-07:00,BTC，28500！若站穩這條線，狂牛重回！但新月臨近……,https://www.youtube.com/watch?v=EnyLwYVEXuE,EnyLwYVEXuE
839,2023-03-18,00:21:26-07:00,比特幣27000，突破盤整區！回踩？繼續漲？BTC.D預告山寨季？,https://www.youtube.com/watch?v=7kRsxcJMHsA,7kRsxcJMHsA
840,2023-03-16,22:11:22-07:00,比特幣，再破25200！掛單空頭，直接拉爆！追個多？,https://www.youtube.com/watch?v=U5Y-RfPxKGo,U5Y-RfPxKGo
841,2023-03-15,20:45:04-07:00,BTC沒強勢了？還往上嗎？25K的缺口要留心！,https://www.youtube.com/watch?v=gBX0Z8eKtyw,gBX0Z8eKtyw
842,2023-03-14,20:48:16-07:00,BTC上兩萬六，卻沖高回落了！日線假突破，平台調整浪？做多？做空？,https://www.youtube.com/watch?v=G1EOOS1vNb8,G1EOOS1vNb8
843,2023-03-13,19:25:37-07:00,BTC暴漲4500！這麼強勢，還會跌？這B浪反彈，開眼界了吧！,https://www.youtube.com/watch?v=lv2S0-m0EQ4,lv2S0-m0EQ4
844,2023-03-13,00:05:51-07:00,BTC超強周線！去新高？或B浪反彈？銀行不倒閉了？USDC不暴雷了？,https://www.youtube.com/watch?v=7Yoz7VFBAAM,7Yoz7VFBAAM
845,2023-03-10,21:14:34-08:00,比特幣，跌到位了？B浪反彈開始了？銀行倒閉，USDC脫鉤，但卻反彈了！,https://www.youtube.com/watch?v=lIAfGifWnh4,lIAfGifWnh4
846,2023-03-10,00:07:43-08:00,比特幣，又下20000！一點反彈都沒有？去18000？,https://www.youtube.com/watch?v=HWjohhUJI9s,HWjohhUJI9s
847,2023-03-08,22:40:44-08:00,比特幣，下跌A浪的尾巴？等B浪反彈？最好跌破前低？,https://www.youtube.com/watch?v=NW2Nfu_t5TU,NW2Nfu_t5TU
848,2023-03-07,23:35:21-08:00,BTC空頭累積，做空有點擠！DXY站穩前高？小心跌破！,https://www.youtube.com/watch?v=Ab6_awExxsI,Ab6_awExxsI
849,2023-03-06,23:52:48-08:00,比特幣，下跌過程中的上升旗形？好消息是：多頭和空頭都沒虧錢！,https://www.youtube.com/watch?v=YfIgmoCn_p0,YfIgmoCn_p0
850,2023-03-04,00:33:12-08:00,BTC，有人賣現貨？美股漲，幣仍跌，懷疑有問題！,https://www.youtube.com/watch?v=J9Jgx7-0sf4,J9Jgx7-0sf4
851,2023-03-02,23:00:33-08:00,BTC暴跌原因？又可以抄底了？ETH掉頭向下，分毫不差！,https://www.youtube.com/watch?v=uYrFmhu2K18,uYrFmhu2K18
852,2023-02-28,19:36:14-08:00,比特幣，空頭小心！BTC盤整區的小反彈！,https://www.youtube.com/watch?v=XuxBIh4YsG8,XuxBIh4YsG8
853,2023-02-27,23:59:07-08:00,比特幣，這就反彈完了？！以為春天到了？可能冬天沒走,https://www.youtube.com/watch?v=2LObZVukB9s,2LObZVukB9s
854,2023-02-26,20:54:25-08:00,BTC週末反轉！日線POC，點到為止！B浪反彈？,https://www.youtube.com/watch?v=t71hqW3kZIM,t71hqW3kZIM
855,2023-02-24,22:56:08-08:00,BTC下跌A浪，做個反彈多？C浪跌到19K？小心新月！,https://www.youtube.com/watch?v=HgI39JSX0cA,HgI39JSX0cA
856,2023-02-23,22:45:59-08:00,比特幣，反彈結束，重回盤整！BTC、ETH今日分析！,https://www.youtube.com/watch?v=qYUui0UIEe0,qYUui0UIEe0
857,2023-02-22,20:25:08-08:00,比特幣，空頭踩扁！B浪反彈？或去新高？BTC、ETH分析！,https://www.youtube.com/watch?v=KjJR3Xzlkg0,KjJR3Xzlkg0
858,2023-02-21,19:54:43-08:00,BTC確認假突破！但……小心更假的動作！追空安全？,https://www.youtube.com/watch?v=zB21kuDT1LE,zB21kuDT1LE
859,2023-02-20,23:17:32-08:00,比特幣，全民等突破！去29000？新月時間，兩手準備！,https://www.youtube.com/watch?v=xoX27uY_MnY,xoX27uY_MnY
860,2023-02-17,21:36:58-08:00,比特幣，V形反轉！跌不下去？再測25200？下週精彩！,https://www.youtube.com/watch?v=yOSw243ZuY4,yOSw243ZuY4
861,2023-02-16,22:52:05-08:00,比特幣又回調，快上車？五浪見頂，快逃？本期重要！,https://www.youtube.com/watch?v=tBB9VzAbF18,tBB9VzAbF18
862,2023-02-15,20:02:31-08:00,比特幣，你要的回調，它走了！問題是：它走去哪？,https://www.youtube.com/watch?v=Vx9-miW106g,Vx9-miW106g
863,2023-02-15,01:03:00-08:00,比特幣，看漲吞沒，所以做多？別急著下賭注！,https://www.youtube.com/watch?v=vgyx7aQhD78,vgyx7aQhD78
864,2023-02-14,00:21:50-08:00,CPI日前，仍未跌破？！BTC即將反彈？除非突破這條線！,https://www.youtube.com/watch?v=vF_bf8ZOlSQ,vF_bf8ZOlSQ
865,2023-02-11,01:31:35-08:00,比特幣，撐不住就去18K？BTC、ETH，江恩時間，下個變盤點！,https://www.youtube.com/watch?v=Wgb7O9RzoVo,Wgb7O9RzoVo
866,2023-02-09,23:18:49-08:00,比特幣順破！說好的回調，它來了，你買嗎？,https://www.youtube.com/watch?v=61BOcWnbls0,61BOcWnbls0
867,2023-02-09,00:00:16-08:00,BTC跌破！看跌喇叭狀，沒能撐住！做空？仍有做多可能！,https://www.youtube.com/watch?v=x58pff_eKHo,x58pff_eKHo
868,2023-02-07,23:59:04-08:00,比特幣，上下洗盤！看漲吞沒，強勢確認？本月最精彩行情！,https://www.youtube.com/watch?v=5IaTKHnxCdw,5IaTKHnxCdw
869,2023-02-06,19:13:01-08:00,BTC邊緣試探！做多或做空？下個清晰交易！,https://www.youtube.com/watch?v=bhgkcvc59sY,bhgkcvc59sY
870,2023-02-03,21:16:58-08:00,回調來了？跌到XX！美元走強，美股走弱，BTC獨善其身？,https://www.youtube.com/watch?v=tlWnWJVTWYE,tlWnWJVTWYE
871,2023-02-02,18:38:28-08:00,BTC帶不動？美股狂漲，比特幣反跌？要回調？,https://www.youtube.com/watch?v=4hAE5GIbaKo,4hAE5GIbaKo
872,2023-02-01,22:28:13-08:00,比特幣再新高！美股狂漲，牛穩了？這是條件！,https://www.youtube.com/watch?v=ciQ4gPloGVM,ciQ4gPloGVM
873,2023-01-31,20:55:57-08:00,比特幣，2023第一次加息！小心你的止損！,https://www.youtube.com/watch?v=WeuR3L0Po68,WeuR3L0Po68
874,2023-01-30,18:30:56-08:00,比特幣，頂背離有效！跌到哪？99%的人沒注意到這！,https://www.youtube.com/watch?v=HExUAQwnxaM,HExUAQwnxaM
875,2023-01-27,23:37:42-08:00,比特幣，頂背離？！美股前兩次都是陷阱，這次呢？,https://www.youtube.com/watch?v=TTMvTQX-wSc,TTMvTQX-wSc
876,2023-01-26,22:33:37-08:00,重大突破！SPX破一年下降趨勢線！站穩4100，比特幣將跟漲！,https://www.youtube.com/watch?v=zdKYobu9fKc,zdKYobu9fKc
877,2023-01-25,20:06:25-08:00,BTC假突破！上下插針，方向何在？SPX多空打架，太激烈了！,https://www.youtube.com/watch?v=pIh56BMIT8I,pIh56BMIT8I
878,2023-01-25,00:11:16-08:00,比特幣，有盤整，有機會！美股受阻？拖累比特幣？,https://www.youtube.com/watch?v=PPtBPdfxAnA,PPtBPdfxAnA
879,2023-01-23,22:30:08-08:00,做多比特幣？！SPX破線！美股走出熊市？,https://www.youtube.com/watch?v=KGi-b_G8Juc,KGi-b_G8Juc
880,2023-01-20,21:38:08-08:00,比特幣，不回調，直接漲！除夕暴漲，年年如此？！,https://www.youtube.com/watch?v=Fs8vQs4KN5E,Fs8vQs4KN5E
881,2023-01-19,21:13:17-08:00,美股跌，BTC漲！是強勢買盤，還是空頭燃燒？我最留意這條線！,https://www.youtube.com/watch?v=ilqO8hhq9wg,ilqO8hhq9wg
882,2023-01-18,21:15:26-08:00,BTC，看跌楔形！真回調了，還做多嗎？,https://www.youtube.com/watch?v=Yr4YmoEowfA,Yr4YmoEowfA
883,2023-01-17,22:55:49-08:00,即將突破？還是馬上掉頭？比特幣，留意三角突破！,https://www.youtube.com/watch?v=X1IRyw-eNmw,X1IRyw-eNmw
884,2023-01-16,21:02:15-08:00,比特幣，蓄勢待發！繼續上攻 or 急轉直下？留意兩條線！,https://www.youtube.com/watch?v=IaX9Jji42Mk,IaX9Jji42Mk
885,2023-01-13,21:28:12-08:00,比特幣，重上21000！站上POC，做多？春天，萬物復蘇！,https://www.youtube.com/watch?v=Jal3nitr0YA,Jal3nitr0YA
886,2023-01-13,00:09:27-08:00,比特幣，超強日線！只是補缺口？69000以來，最重要一線！,https://www.youtube.com/watch?v=kPrTfgmc1oE,kPrTfgmc1oE
887,2023-01-11,19:42:19-08:00,比特幣，做多已晚？仍可做空？長線計劃！2023年，最重要一天！,https://www.youtube.com/watch?v=qsiczckNYX8,qsiczckNYX8
888,2023-01-10,18:25:50-08:00,比特幣，繼續反彈？盤口開始做多了！山寨暴漲，帶回牛市？,https://www.youtube.com/watch?v=7b9W9HPw7HI,7b9W9HPw7HI
889,2023-01-09,22:02:48-08:00,比特幣，反彈或反轉？以太ETH更強？我有做多計劃，但你得看完！,https://www.youtube.com/watch?v=rRs9j9fYQCI,rRs9j9fYQCI
890,2023-01-07,09:20:43-08:00,比特幣，反彈完了嗎？又感染Covid，醫生不建議吃藥,https://www.youtube.com/watch?v=wcMnI-s_p4M,wcMnI-s_p4M
891,2023-01-04,19:19:47-08:00,比特幣，還是要做空？短空，還是長空？美股方向？！,https://www.youtube.com/watch?v=Dvdw3oOyoUI,Dvdw3oOyoUI
892,2023-01-03,23:19:50-08:00,美股跌，比特幣卻漲？B浪反彈？ETH留意！,https://www.youtube.com/watch?v=cx-d9fSwj_Y,cx-d9fSwj_Y
893,2022-12-28,00:06:54-08:00,2022的比特幣，比特幣的2023，技術分析講跑題了，閒人請進！,https://www.youtube.com/watch?v=HNf-mlLByWA,HNf-mlLByWA
894,2022-12-23,23:56:43-08:00,比特幣，聖誕行情有沒有？Merry Christmas!!!,https://www.youtube.com/watch?v=hplyXVJRT4U,hplyXVJRT4U
895,2022-12-23,00:45:23-08:00,比特幣，小誘空？空頭有點急！股指ES暴跌又暴漲，Why？,https://www.youtube.com/watch?v=uSTCkcwroKU,uSTCkcwroKU
896,2022-12-21,22:13:26-08:00,美股暴漲，BTC卻不動？加倉做空？長話短說吧！,https://www.youtube.com/watch?v=KYaAIlFXhCA,KYaAIlFXhCA
897,2022-12-20,19:44:18-08:00,比特幣，反彈到哪？做多嗎，或反彈加空？,https://www.youtube.com/watch?v=dZUhteyarj0,dZUhteyarj0
898,2022-12-19,18:38:08-08:00,比特幣，C浪跌到這？收回就做多？！,https://www.youtube.com/watch?v=hvEnzWecpAA,hvEnzWecpAA
899,2022-12-16,21:23:01-08:00,比特幣，多頭全滅！做空來得及？別又錯了！,https://www.youtube.com/watch?v=_ITaGgGqIJM,_ITaGgGqIJM
900,2022-12-15,20:40:14-08:00,比特幣，跌跌不休，反彈也沒有？市場的邏輯！,https://www.youtube.com/watch?v=yP0XLxoMK2Q,yP0XLxoMK2Q
901,2022-12-14,20:48:53-08:00,比特幣，多頭陷阱？又一次！！CPI加息balabala，看這就好！,https://www.youtube.com/watch?v=1rm2VcQx2rU,1rm2VcQx2rU
902,2022-12-13,19:09:05-08:00,比特幣暴漲！美股首次突破！所以……還做空麼？,https://www.youtube.com/watch?v=bE6oEI4NMa4,bE6oEI4NMa4
903,2022-12-12,19:38:21-08:00,比特幣，再漲一些？SBF被抓，帶來波動？,https://www.youtube.com/watch?v=ZuM_tVo8id0,ZuM_tVo8id0
904,2022-12-09,19:56:58-08:00,比特幣，無人問津，所以買？別人恐慌……了嗎？,https://www.youtube.com/watch?v=R0UlT2phXAI,R0UlT2phXAI
905,2022-12-08,17:43:16-08:00,比特幣，還有一漲？！五浪、新高？這條線最重要！,https://www.youtube.com/watch?v=qgc6HPEmNoA,qgc6HPEmNoA
906,2022-12-07,19:09:34-08:00,比特幣跌破？還會有反彈？！美股在等什麼？,https://www.youtube.com/watch?v=a2M1FaNG800,a2M1FaNG800
907,2022-12-06,19:02:35-08:00,比特幣，事出有怪？美股狂跌，BTC不跌反漲，強勢信號？,https://www.youtube.com/watch?v=MUtbgdjGxUI,MUtbgdjGxUI
908,2022-12-05,17:46:29-08:00,比特幣，掉頭向下？美股頹勢初現，比特幣要做空？,https://www.youtube.com/watch?v=lLvlSgAAaWo,lLvlSgAAaWo
909,2022-12-04,21:09:39-08:00,比特幣，宏觀視角！依然做空？轉而做多？周線更新！,https://www.youtube.com/watch?v=bMGvv7Ohxhw,bMGvv7Ohxhw
910,2022-12-02,20:25:37-08:00,比特幣，下週怎麼走？美股狂暴波動，多空分歧大！,https://www.youtube.com/watch?v=Z0R_Sqt8JEM,Z0R_Sqt8JEM
911,2022-12-01,22:56:05-08:00,比特幣難漲？美股未破趨勢線，牛熊就這兩天？,https://www.youtube.com/watch?v=_2XSDRjpsGs,_2XSDRjpsGs
912,2022-11-30,20:33:22-08:00,比特幣繼續漲！不加息了？美股暴漲！熊市完結？,https://www.youtube.com/watch?v=aukpoQ7sS3E,aukpoQ7sS3E
913,2022-11-29,19:40:53-08:00,比特幣突破！做多？為何暴拉？還能漲到哪？,https://www.youtube.com/watch?v=g3D0v0b0isU,g3D0v0b0isU
914,2022-11-28,20:46:12-08:00,比特幣，再跌破16K！空頭要小心？這些地方不安全！,https://www.youtube.com/watch?v=ijVdhps3pTo,ijVdhps3pTo
915,2022-11-26,03:05:57-08:00,比特幣，不宜追多！建倉做空？留意再沖高！,https://www.youtube.com/watch?v=v5W2VucqaSI,v5W2VucqaSI
916,2022-11-22,19:15:01-08:00,比特幣強反彈！雙重底！做多？！,https://www.youtube.com/watch?v=QW_i-qsIL2k,QW_i-qsIL2k
917,2022-11-21,01:10:52-08:00,比特幣，順勢做空沒問題，但跌破追空有風險！周線分析！,https://www.youtube.com/watch?v=scfKX0l9eGk,scfKX0l9eGk
918,2022-11-18,01:25:24-08:00,盤整七天了，冒頭就錘？FTX事件還在消化……,https://www.youtube.com/watch?v=MTJlg4Zhe4w,MTJlg4Zhe4w
919,2022-11-17,00:25:34-08:00,比特幣，三角突破做多？就等美股了！,https://www.youtube.com/watch?v=4EHxYcmk7DU,4EHxYcmk7DU
920,2022-11-16,00:42:41-08:00,美股早晚會跌，比特幣能倖免？ETH神秘螺旋，三角出方向！,https://www.youtube.com/watch?v=LpsTJ9d_vc4,LpsTJ9d_vc4
921,2022-11-15,00:05:57-08:00,比特幣近期最大風險：美股C浪將盡！,https://www.youtube.com/watch?v=iCcfziSp2gU,iCcfziSp2gU
922,2022-11-14,00:22:39-08:00,瞬漲1000！幣安要拉盤？做多還是做空？,https://www.youtube.com/watch?v=VgRPBTL9jes,VgRPBTL9jes
923,2022-11-12,00:13:24-08:00,BTC還有雷？交易你從K線看到的！,https://www.youtube.com/watch?v=HdnoLlEQAb8,HdnoLlEQAb8
924,2022-11-10,21:18:15-08:00,BTC，到這就做多！最難的行情，最簡單計劃！,https://www.youtube.com/watch?v=UW1UTvIqEcg,UW1UTvIqEcg
925,2022-11-10,00:36:41-08:00,比特幣，終極一跌？重回17600，或去10800？走勢終完美！,https://www.youtube.com/watch?v=ZovmCpeexnI,ZovmCpeexnI
926,2022-11-08,21:29:37-08:00,BTC到17K！幣安FTX大戰，繼續跌？極度恐慌，平了點空、做了點多⋯⋯,https://www.youtube.com/watch?v=1cgTEvt1DBw,1cgTEvt1DBw
927,2022-11-07,20:16:30-08:00,比特幣暴跌！真實原因是？Ftt暴雷？下個Luna？Tesla新低，Doge小心！,https://www.youtube.com/watch?v=pdIrxgJk1Og,pdIrxgJk1Og
928,2022-11-04,21:43:41-07:00,比特幣21K了，接下來呢？空頭不死，漲勢不止！直到……,https://www.youtube.com/watch?v=fvxt4Ikj-hs,fvxt4Ikj-hs
929,2022-11-04,01:01:56-07:00,意外？比特幣逆勢漲！不是很鷹嗎？萬物普漲，狗幣跌！,https://www.youtube.com/watch?v=e89b_sfDo48,e89b_sfDo48
930,2022-11-02,22:38:37-07:00,加息=做空？比特幣，多數人錯了！DOGE若這樣，可以買！！,https://www.youtube.com/watch?v=OIm9kgc_u8I,OIm9kgc_u8I
931,2022-11-01,20:19:26-07:00,比特幣突破就漲？！狗狗幣再創新高，但留意這關鍵動作！,https://www.youtube.com/watch?v=u4c-oin54VI,u4c-oin54VI
932,2022-10-31,21:46:20-07:00,比特幣在等……？！我做空狗狗幣，是因為不能再漲？,https://www.youtube.com/watch?v=y7ORcYGMlIQ,y7ORcYGMlIQ
933,2022-10-28,22:24:23-07:00,萬聖節反彈！BTC這就跌完了？考慮做多？！,https://www.youtube.com/watch?v=o4wbhjFsU0A,o4wbhjFsU0A
934,2022-10-27,22:55:27-07:00,假突破！BTC完美計劃，做空來得及？,https://www.youtube.com/watch?v=wJwqeKjG2H8,wJwqeKjG2H8
935,2022-10-26,21:39:46-07:00,突破！BTC超強日線，所以做多？,https://www.youtube.com/watch?v=1UM9mNpVxjM,1UM9mNpVxjM
936,2022-10-25,21:55:47-07:00,2022年第37次牛回！這次漲到哪？！,https://www.youtube.com/watch?v=1qjJvuxeFGo,1qjJvuxeFGo
937,2022-10-24,22:08:35-07:00,清晰可見！比特幣縮量，醞釀大動作？美股到目標區間，高度關注！,https://www.youtube.com/watch?v=JAAzyrBL5cw,JAAzyrBL5cw
938,2022-10-23,21:05:39-07:00,周線收漲，但準備做空？比特幣BTC、美股SPX、美元DXY，周線分析！,https://www.youtube.com/watch?v=Zr77dTVn-5U,Zr77dTVn-5U
939,2022-10-21,22:43:42-07:00,週末漲？美股強收市，比特幣卻如如不動，Why？快跟上！,https://www.youtube.com/watch?v=ouC9WjSH_sQ,ouC9WjSH_sQ
940,2022-10-21,00:27:15-07:00,比特幣將突破？超清晰的趨勢線、三角形，留意假動作！,https://www.youtube.com/watch?v=bdhttSkD7gI,bdhttSkD7gI
941,2022-10-20,00:54:48-07:00,技術分析鼻祖，四十五年華爾街經驗，換來二十四條交易法則！,https://www.youtube.com/watch?v=tK-Jirm3LWI,tK-Jirm3LWI
942,2022-10-19,00:45:50-07:00,BTC難漲，因多頭擁擠？SPX缺口補完後，再怎麼走？,https://www.youtube.com/watch?v=pLjHpoloB4o,pLjHpoloB4o
943,2022-10-17,22:56:41-07:00,美股瘋漲，比特幣跟上？！繼續做多？BTC、ETH、DOT分析！,https://www.youtube.com/watch?v=iZVBTwAuUWo,iZVBTwAuUWo
944,2022-10-14,20:58:19-07:00,比特幣誘多？昨日暴漲，今日暴跌，明日……？關鍵POC！,https://www.youtube.com/watch?v=tR_FbvknaZE,tR_FbvknaZE
945,2022-10-13,20:41:29-07:00,罕見！比特幣V反，牛回做多？下一站漲到這！,https://www.youtube.com/watch?v=Bfd7xZCC9RI,Bfd7xZCC9RI
946,2022-10-13,00:50:49-07:00,比特幣，又做空了？多空臨界點的十個幣，超好做交易！,https://www.youtube.com/watch?v=wAMElfYcAy4,wAMElfYcAy4
947,2022-10-11,22:48:25-07:00,比特幣，織布機行情，怎麼交易？CPI消息日前的鑽石底？💎,https://www.youtube.com/watch?v=AbMvlXhJ0Qo,AbMvlXhJ0Qo
948,2022-10-11,00:08:06-07:00,比特幣，到哪去等？美股完全跌破，ETH、ADA、FIL有機會！,https://www.youtube.com/watch?v=nLG7TNOJg00,nLG7TNOJg00
949,2022-10-07,21:13:57-07:00,美股再崩潰！BTC還有下跌空間？下個做多計劃！,https://www.youtube.com/watch?v=ldPPseNPNC8,ldPPseNPNC8
950,2022-10-06,22:53:23-07:00,比特幣空頭格局，一定跌？這走勢以前也有！,https://www.youtube.com/watch?v=OKjaO8_W3w4,OKjaO8_W3w4
951,2022-10-05,20:58:50-07:00,比特幣，打算做一筆完美交易！但就剩做空還是做多這一個問題了！,https://www.youtube.com/watch?v=t0AuvfWWock,t0AuvfWWock
952,2022-10-04,21:37:07-07:00,美股跳空高開，比特幣有行情？十個月來第一次！,https://www.youtube.com/watch?v=-yeQqANh1P0,-yeQqANh1P0
953,2022-10-03,21:31:38-07:00,美股大反彈，比特幣跟漲？！盤整越久越像底？交易計劃！,https://www.youtube.com/watch?v=O3I2lk_Nmfk,O3I2lk_Nmfk
954,2022-09-29,23:32:42-07:00,比特幣，震蕩到何時？美股又暴跌2%，反彈無望？十月會好！,https://www.youtube.com/watch?v=r44ltUAYGA4,r44ltUAYGA4
955,2022-09-29,01:45:29-07:00,比特幣忽上忽下，誰在操縱它？美股暴漲2%，大反彈來臨？,https://www.youtube.com/watch?v=vb_PjAujuTs,vb_PjAujuTs
956,2022-09-27,22:56:13-07:00,比特幣，大量多頭被套！超詳細價格行為分析，完美交易或在這條線！,https://www.youtube.com/watch?v=2d9XlERn6kg,2d9XlERn6kg
957,2022-09-26,23:08:48-07:00,比特幣，反彈來了？照例做空，還是順勢做多？趨勢線是關鍵！,https://www.youtube.com/watch?v=nuGn6yHvR4E,nuGn6yHvR4E
958,2022-09-25,21:18:39-07:00,比特幣，周線這次不一樣！美股重走2008深熊？,https://www.youtube.com/watch?v=qRu_Sb-m_dA,qRu_Sb-m_dA
959,2022-09-24,02:07:59-07:00,比特幣，見到強勢了？美股極弱，BTC卻不跌，怪事？,https://www.youtube.com/watch?v=I0d9Dm-PZNU,I0d9Dm-PZNU
960,2022-09-23,01:11:53-07:00,美股跌，比特幣逆勢漲！什麼原因？真跌不下去了？！,https://www.youtube.com/watch?v=js2UwD-3bHo,js2UwD-3bHo
961,2022-09-22,00:20:20-07:00,比特幣，20000回不去了？為何上下插針，其實是完美機會？,https://www.youtube.com/watch?v=m10AMZ7TNsk,m10AMZ7TNsk
962,2022-09-21,00:49:30-07:00,加息日前的比特幣，漲跌都跟隨它！ES是什麼？NQ有何區別？,https://www.youtube.com/watch?v=zMnqKC7sXD0,zMnqKC7sXD0
963,2022-09-19,23:17:31-07:00,比特幣，攻擊日？誘空後上漲！美股反彈？BTC有計劃！,https://www.youtube.com/watch?v=MeiFGoRYJHA,MeiFGoRYJHA
964,2022-09-18,22:55:00-07:00,比特幣，最重要的線！美股、BTC、ETH繼續跌？周線級分析！,https://www.youtube.com/watch?v=-nzdiTvBHns,-nzdiTvBHns
965,2022-09-17,00:54:41-07:00,比特幣小反彈？小級別底部信號？ETH跌破做空？,https://www.youtube.com/watch?v=VRhFECSfRDA,VRhFECSfRDA
966,2022-09-15,23:48:25-07:00,比特幣，有小反彈？反彈到哪？以太ETH潛在目標位！,https://www.youtube.com/watch?v=U3ONruBXhwM,U3ONruBXhwM
967,2022-09-14,21:31:34-07:00,比特幣，弱看漲孕線！以太合併，都在做空？看這個！,https://www.youtube.com/watch?v=Vn6Biq3_lv0,Vn6Biq3_lv0
968,2022-09-13,23:17:26-07:00,比特幣狂跌9.9%！生死線受阻，牛熊線折回！以太ETH今日合併！,https://www.youtube.com/watch?v=Pi2w4wDij9w,Pi2w4wDij9w
969,2022-09-12,22:43:46-07:00,美股生死一線！比特幣牛熊一線！越來越近，做好準備！,https://www.youtube.com/watch?v=ggQN20ddHoo,ggQN20ddHoo
970,2022-09-11,22:05:52-07:00,比特幣，強勢周線！上漲延續？假突破出現了！,https://www.youtube.com/watch?v=-V62hliBaXg,-V62hliBaXg
971,2022-09-09,20:13:07-07:00,比特幣10%暴漲，牛回跡象？！強勢初現or回抽再跌？關鍵點位！,https://www.youtube.com/watch?v=MgUhE_Nd8nE,MgUhE_Nd8nE
972,2022-09-08,22:41:55-07:00,比特幣，平空後就暴漲？！我又做多了？果真是底？漲到這需留意！,https://www.youtube.com/watch?v=nvP32YKJHW8,nvP32YKJHW8
973,2022-09-07,21:19:52-07:00,比特幣強拉，照計劃平空，做多嗎？小反彈，還是大反轉？ETH又彈起！,https://www.youtube.com/watch?v=CvvAVixWxso,CvvAVixWxso
974,2022-09-07,01:06:30-07:00,比特幣跌破19000！平空還是開空？就這一個問題！,https://www.youtube.com/watch?v=E5aOjL3tJCo,E5aOjL3tJCo
975,2022-09-06,00:16:55-07:00,四年新低！BTC.D市佔比完全跌破！以太新時代，還是末日狂歡？,https://www.youtube.com/watch?v=3uenkbuywkw,3uenkbuywkw
976,2022-09-05,01:20:05-07:00,暴跌前兆？比特幣市佔比又來前低！美元走強，山寨小心！,https://www.youtube.com/watch?v=l0zjZmu6R7Y,l0zjZmu6R7Y
977,2022-09-02,21:56:49-07:00,比特幣，九月必跌？BTC下20000！又假突破，做空以太？,https://www.youtube.com/watch?v=DyEJhmIvD8Q,DyEJhmIvD8Q
978,2022-09-01,21:29:45-07:00,比特幣跟漲？美股大反彈？BTC仍盤整，還是出方向？,https://www.youtube.com/watch?v=sUr0fiv5Xfo,sUr0fiv5Xfo
979,2022-08-31,22:52:01-07:00,比特幣醞釀大動作？美股痛快熊市？這是最後堡壘！BTC邊界清晰，ETH假突破！,https://www.youtube.com/watch?v=AESjMA06bMI,AESjMA06bMI
980,2022-08-30,22:32:06-07:00,比特幣BTC強勢彈起！以太ETH楔形突破，還要漲？前高是關鍵！,https://www.youtube.com/watch?v=7-F1YLTXLQs,7-F1YLTXLQs
981,2022-08-29,21:08:43-07:00,比特幣看漲吞沒，所以做多？！SPX和BTC補了缺口，接下來呢？,https://www.youtube.com/watch?v=gvL-pd0tErw,gvL-pd0tErw
982,2022-08-28,22:45:41-07:00,比特幣，還能再跌這麼久？美元強勢，股、幣承壓！準備下筆完美交易！,https://www.youtube.com/watch?v=LrDu-yw_13k,LrDu-yw_13k
983,2022-08-26,19:29:15-07:00,美股崩盤，比特幣暴跌，大熊回來了？BTC的三個點位，不要恐慌！,https://www.youtube.com/watch?v=W0CYS-WKnbc,W0CYS-WKnbc
984,2022-08-25,20:37:38-07:00,比特幣跟隨上漲？美股大反彈，生死線撐住了？技術交易者，消息日的準備！,https://www.youtube.com/watch?v=q9eycY2d4rg,q9eycY2d4rg
985,2022-08-24,21:32:56-07:00,比特幣，方向將出！美元觸頂，美股找到支撐？ETH多少做空？,https://www.youtube.com/watch?v=Wzo9M6VK-Ss,Wzo9M6VK-Ss
986,2022-08-23,22:34:44-07:00,比特幣方向未出，但盤整區也精彩！美股撐住了嗎？ETH或許偏弱？,https://www.youtube.com/watch?v=X9R7LCW2Rvo,X9R7LCW2Rvo
987,2022-08-22,21:38:53-07:00,美股暴跌，比特幣倖免？牛熊只在這條線！,https://www.youtube.com/watch?v=QBZN1Rt55CU,QBZN1Rt55CU
988,2022-08-21,21:42:56-07:00,比特幣，看跌吞沒周線！反彈到多少？前低跌破才做多？一周交易計劃！,https://www.youtube.com/watch?v=8sVAFb9LVUE,8sVAFb9LVUE
989,2022-08-19,21:31:28-07:00,比特幣暴跌10%！跌完了嗎？底在多少？ETH也難倖免？,https://www.youtube.com/watch?v=A_g6U-NxZ6A,A_g6U-NxZ6A
990,2022-08-18,22:21:09-07:00,比特幣跌到21K？BTC、ETH，繼續下跌的中繼形態？這有支撐！,https://www.youtube.com/watch?v=atcbroyQ2EY,atcbroyQ2EY
991,2022-08-17,20:01:40-07:00,比特幣跌破！楔形跌破，真要回調？跌到多少？美股SPX、BTC、ETH超詳細分析！,https://www.youtube.com/watch?v=YFtFdcrvzQU,YFtFdcrvzQU
992,2022-08-16,20:38:21-07:00,BTC，簡單形態，標準清晰！SPX沖高回落？臨近邊緣，是機遇！,https://www.youtube.com/watch?v=6D2_T_nic6w,6D2_T_nic6w
993,2022-08-15,20:45:46-07:00,比特幣補漲？還是等美股一起跌？美元指數漲，BTC.D近底，ETH和山寨幣要小心！,https://www.youtube.com/watch?v=p5xx1K1L4nM,p5xx1K1L4nM
994,2022-08-15,01:05:13-07:00,比特幣，出方向的一周！ETH上不去2000？BTC、SPX，周線分析！,https://www.youtube.com/watch?v=C-IfA7LQIiA,C-IfA7LQIiA
995,2022-08-13,01:00:54-07:00,美股領漲，BTC很難跌？滿月的空頭踩踏，這種上漲能否持續？,https://www.youtube.com/watch?v=a3JwCDNQvdc,a3JwCDNQvdc
996,2022-08-11,22:16:32-07:00,比特幣：又一次沖高回落，又一次墓碑十字！美股最好守住4200，否則……,https://www.youtube.com/watch?v=cCsGpoPNuJ4,cCsGpoPNuJ4
997,2022-08-10,23:44:20-07:00,比特幣V形反轉，空頭在哭？只因CPI放緩？或BTC、ETH假跌破？！,https://www.youtube.com/watch?v=DWzbH2-B5IU,DWzbH2-B5IU
998,2022-08-09,22:33:21-07:00,比特幣和美股，CPI公佈前下跌？空頭格局是否形成？這條線是關鍵！！,https://www.youtube.com/watch?v=5BpQFygQHvU,5BpQFygQHvU
999,2022-08-09,00:55:59-07:00,美股SPX假突破，比特幣BTC五浪沖頂？以太的第一道難題！,https://www.youtube.com/watch?v=EhHRMHzGDv0,EhHRMHzGDv0
1000,2022-08-06,01:23:45-07:00,比特幣跌七天後，第一根看漲日線！重回強勢的做多信號？這條線很關鍵！,https://www.youtube.com/watch?v=tM55gNXqD6o,tM55gNXqD6o
1001,2022-08-04,23:49:47-07:00,比特幣，小心假動作！我做多了？下降趨勢結束了嗎？,https://www.youtube.com/watch?v=9ljX9ZEUM_E,9ljX9ZEUM_E
1002,2022-08-04,00:21:57-07:00,股漲、幣跌，怎麼回事？！BTC，送錢的盤整行情！,https://www.youtube.com/watch?v=IqWO8QXuwkA,IqWO8QXuwkA
1003,2022-08-02,22:49:36-07:00,美股空頭格局，比特幣呢？ETH回抽無力，1700確實強阻力？,https://www.youtube.com/watch?v=jIMPnhGEP3A,jIMPnhGEP3A
1004,2022-08-02,02:00:16-07:00,比特幣，回調剛開始？美股頹勢初現，BTC或難倖免？！,https://www.youtube.com/watch?v=GLMv1Wqpiwg,GLMv1Wqpiwg
1005,2022-08-01,01:10:28-07:00,BTC，24000假突破！美股還能漲嗎？還帶得動比特幣嗎？超詳細周線更新！,https://www.youtube.com/watch?v=5INivphNoWA,5INivphNoWA
1006,2022-07-29,22:46:29-07:00,比特幣，看跌黃昏星？！美股都漲，BTC卻跌？上攻受阻？或蓄勢待發！,https://www.youtube.com/watch?v=tdEs1Jtw_oE,tdEs1Jtw_oE
1007,2022-07-29,02:02:02-07:00,比特幣，關鍵位受阻！BTC留意沖高回落，小心熊市陷阱！,https://www.youtube.com/watch?v=vYLw-3v58WE,vYLw-3v58WE
1008,2022-07-27,21:37:07-07:00,比特幣，強勢吞沒！加息如預期，多單追進去？美股繼續漲？,https://www.youtube.com/watch?v=u1KQ1vDP-vs,u1KQ1vDP-vs
1009,2022-07-27,01:42:46-07:00,比特幣，看漲啟明星？！符合條件就做多？加息日，如何應對？,https://www.youtube.com/watch?v=fdykD9U4B3U,fdykD9U4B3U
1010,2022-07-26,00:27:54-07:00,比特幣，假突破確認？BTC明確頹勢，ETH小心風險！,https://www.youtube.com/watch?v=CtCDtk7rETI,CtCDtk7rETI
1011,2022-07-25,00:07:24-07:00,比特幣，跌破關鍵位？BTC抄底做多？ETH沖高回落！,https://www.youtube.com/watch?v=vHRATj1TwAk,vHRATj1TwAk
1012,2022-07-22,22:39:19-07:00,比特幣，明確出方向？BTC趨勢線跌破，開倉做空？ETH反彈到1700？！,https://www.youtube.com/watch?v=9SygvTnrDZc,9SygvTnrDZc
1013,2022-07-21,23:00:04-07:00,美股暴漲，比特幣怎麼回事？熊旗假突破後跌？牛旗突破後漲？最清晰計劃！,https://www.youtube.com/watch?v=BfxnZWH2Enw,BfxnZWH2Enw
1014,2022-07-21,02:54:14-07:00,比特幣，漲跌就看這了！特斯拉賣出比特幣，大利空？技術面怎麼看？,https://www.youtube.com/watch?v=baexVvk-l8M,baexVvk-l8M
1015,2022-07-19,23:53:48-07:00,比特幣，我做多了？美股見底了？疑似強勢初現！,https://www.youtube.com/watch?v=jrprJtZmhS4,jrprJtZmhS4
1016,2022-07-18,22:21:46-07:00,比特幣，激烈爭奪！和ETH一樣向上突破？美股牛回了嗎？！,https://www.youtube.com/watch?v=-1HKJG3D0XU,-1HKJG3D0XU
1017,2022-07-18,01:05:46-07:00,比特幣牛回？必須突破這裡！BTC最後的臨界點，ETH強勢慎做空！,https://www.youtube.com/watch?v=zP9hL81_x9c,zP9hL81_x9c
1018,2022-07-16,00:16:38-07:00,比特幣頹勢初現，不可忽略！BTC、ETH，完美走勢，完美盤口！,https://www.youtube.com/watch?v=cMVk_ElEkm0,cMVk_ElEkm0
1019,2022-07-15,00:23:22-07:00,比特幣V形反轉，果真要漲上去？我的Plan A/B/C，完美交易計劃！,https://www.youtube.com/watch?v=yGtXvVVr33o,yGtXvVVr33o
1020,2022-07-13,23:04:07-07:00,CPI大利空，比特幣不跌反漲？！BTC反彈到哪有阻力？,https://www.youtube.com/watch?v=jZW7hRxsOvw,jZW7hRxsOvw
1021,2022-07-12,23:50:45-07:00,比特幣，小心大波動！19300反彈做多？明天CPI公佈後繼續跌？,https://www.youtube.com/watch?v=0neNvP54Tq8,0neNvP54Tq8
1022,2022-07-11,23:59:26-07:00,比特幣，繼續跌？ETH，以太有危險？山寨更能跌！,https://www.youtube.com/watch?v=-r4oHWjWs9Q,-r4oHWjWs9Q
1023,2022-07-10,23:06:25-07:00,比特幣，雷同的走勢！BTC直接跌下去，還是有支撐？周線更新！,https://www.youtube.com/watch?v=MiGhUB8Bfsk,MiGhUB8Bfsk
1024,2022-07-09,00:12:19-07:00,比特幣，走勢逐漸清晰！一個最好的BTC交易機會！,https://www.youtube.com/watch?v=S8-alEY-Cnk,S8-alEY-Cnk
1025,2022-07-08,00:28:15-07:00,比特幣暴漲，昨日重現？你絕對可以錯過的一次機會！！,https://www.youtube.com/watch?v=-tXKWO43_o8,-tXKWO43_o8
1026,2022-07-07,21:52:43-07:00,看盤工具TradingView最實用功能，十分鐘全上手！2022最新版！交易入門課程004，TiaBtc004,https://www.youtube.com/watch?v=ZiOiNbifjUc,ZiOiNbifjUc
1027,2022-07-06,23:39:11-07:00,比特幣，選擇方向？BTC、ETH，留意大變動！,https://www.youtube.com/watch?v=Oji4eY5wX6E,Oji4eY5wX6E
1028,2022-07-03,23:37:48-07:00,比特幣，強阻力在多少？BTC、ETH，完美通道！,https://www.youtube.com/watch?v=ELMwGopCYJE,ELMwGopCYJE
1029,2022-07-02,01:05:33-07:00,比特幣，月線怎麼樣？2017牛市頂，BTC能否撐住？,https://www.youtube.com/watch?v=Aj7lugBhx7o,Aj7lugBhx7o
1030,2022-07-01,01:13:12-07:00,比特幣，空頭踩踏，血流成河！BTC底部信號？強勢出現？,https://www.youtube.com/watch?v=aNvl3vrzTv0,aNvl3vrzTv0
1031,2022-06-30,00:00:47-07:00,比特幣，20000難漲回？ETH絕對弱勢，山寨幣重大風險！,https://www.youtube.com/watch?v=nyqo5MxxPRk,nyqo5MxxPRk
1032,2022-06-28,23:15:59-07:00,比特幣再探20000，撐不住？！跌到多少有支撐？山寨要小心！,https://www.youtube.com/watch?v=XIjzaoR2NVI,XIjzaoR2NVI
1033,2022-06-28,01:55:27-07:00,比特幣，跌不下去？神秘支撐在？美股前六次都跌，這次有例外？,https://www.youtube.com/watch?v=sVPTAHY2pHw,sVPTAHY2pHw
1034,2022-06-26,23:19:54-07:00,比特幣周線看漲，但前兩次卻不這樣！ETH將比BTC更強勢？,https://www.youtube.com/watch?v=KPtAkeTWCvY,KPtAkeTWCvY
1035,2022-06-25,03:54:02-07:00,美股大反彈，比特幣呢？小心：楔形、前高和新月！,https://www.youtube.com/watch?v=Zjjq1EmwRQI,Zjjq1EmwRQI
1036,2022-06-23,22:33:33-07:00,比特幣，兩個計劃！BTC、ETH，漲勢難持續？,https://www.youtube.com/watch?v=RERovfKbuyM,RERovfKbuyM
1037,2022-06-22,01:07:00-07:00,比特幣，反彈結束繼續跌？BTC跌到多少我平空？,https://www.youtube.com/watch?v=-sMac_W2CWc,-sMac_W2CWc
1038,2022-06-20,23:14:52-07:00,比特幣，這週最關鍵！BTC觸底反彈？ETH跌到目標位？,https://www.youtube.com/watch?v=pM1gSMvhSv4,pM1gSMvhSv4
1039,2022-06-18,03:21:48-07:00,比特幣，跌破2萬！何時抄底？多少是底？,https://www.youtube.com/watch?v=RIr-qZ-Ngj4,RIr-qZ-Ngj4
1040,2022-06-17,00:46:00-07:00,比特幣，20000能撐住嗎？美股重要位置，小心行情加速！,https://www.youtube.com/watch?v=DN1_skmBSJM,DN1_skmBSJM
1041,2022-06-15,23:11:03-07:00,比特幣，加息之後怎麼走？前幾次加息後，是漲還是跌？,https://www.youtube.com/watch?v=Ogd9gtk2kfQ,Ogd9gtk2kfQ
1042,2022-06-15,00:42:05-07:00,比特幣，暴跌之後，加息之前……,https://www.youtube.com/watch?v=mZ_e6jvgW1U,mZ_e6jvgW1U
1043,2022-06-14,01:12:11-07:00,終極三問：比特幣在哪裡？比特幣何時見底？比特幣的底在多少？！ETH平空？,https://www.youtube.com/watch?v=IzbAixLp9F8,IzbAixLp9F8
1044,2022-06-12,23:08:02-07:00,比特幣，還能跌嗎？重要的問題只有這一個,https://www.youtube.com/watch?v=UULzEEizd-g,UULzEEizd-g
1045,2022-06-10,22:50:45-07:00,比特幣，有點怪！美股大暴跌，幣卻未破盤整區？BTC、ETH，日線級交易計劃！,https://www.youtube.com/watch?v=6KZ5ZP6Tlxk,6KZ5ZP6Tlxk
1046,2022-06-09,22:16:16-07:00,小心！比特幣波動在即，CPI公佈，以往都跌，這次探底反彈？,https://www.youtube.com/watch?v=MViTkfy7tVA,MViTkfy7tVA
1047,2022-06-08,23:38:57-07:00,比特幣，不會一直盤整，近期或有大變動？行情無聊，大膽猜測！,https://www.youtube.com/watch?v=R1lduAE1nUA,R1lduAE1nUA
1048,2022-06-07,22:43:07-07:00,比特幣，中長線機會！頻繁畫門，原因何在？找準節奏，偷看對手的牌！,https://www.youtube.com/watch?v=ecAAF8ZFjrI,ecAAF8ZFjrI
1049,2022-06-06,21:37:55-07:00,比特幣，跌了很意外？BTC阻力難破，跌到27***去探底？ETH更簡單！,https://www.youtube.com/watch?v=-k2HzzIDXL4,-k2HzzIDXL4
1050,2022-06-03,23:40:06-07:00,比特幣，盤整策略？如果到這幾條線來，一定留意價格行為！,https://www.youtube.com/watch?v=QWkPen3gfuk,QWkPen3gfuk
1051,2022-06-02,22:08:30-07:00,比特幣，可能性底部？需要這形態走出來！ETH，留意關鍵價位……,https://www.youtube.com/watch?v=yM4tX0aM0wU,yM4tX0aM0wU
1052,2022-06-01,20:57:10-07:00,比特幣，回調來了，能不能買？下個交易，比較好做！,https://www.youtube.com/watch?v=QXuPRRmiVls,QXuPRRmiVls
1053,2022-05-31,21:27:07-07:00,比特幣有回調？底線在哪？BTC收月線，對後市有何影響？5分鐘級別詳解，就詳細這一回！,https://www.youtube.com/watch?v=KF1T3vZ0UlY,KF1T3vZ0UlY
1054,2022-05-30,23:21:05-07:00,比特幣，多空關鍵！連跌九周後終反彈，但會不會又是一次拉高暴跌？詳細分析！,https://www.youtube.com/watch?v=9_K-ubG3mXQ,9_K-ubG3mXQ
1055,2022-05-30,02:02:24-07:00,期待已久！比特幣圓弧突破，是真是假？上輪牛市以圓弧突破開始，但也從沒跌破前高！,https://www.youtube.com/watch?v=67JMyUUuVU4,67JMyUUuVU4
1056,2022-05-27,22:55:19-07:00,美股先漲，比特幣晚兩天？目前還沒強勢信號，而且我也不是死多頭，但確實看到……,https://www.youtube.com/watch?v=O9PMGY4gycE,O9PMGY4gycE
1057,2022-05-26,22:33:27-07:00,ETH/BTC跌破，山寨全線崩！比特幣能否撐住，完成二次探底？至關重要的是，SPX能否站上4100……,https://www.youtube.com/watch?v=cUAFcGMkfZc,cUAFcGMkfZc
1058,2022-05-25,22:07:58-07:00,ETH/BTC，恐怕需要留意！比特幣極度收縮，以太坊或出方向！,https://www.youtube.com/watch?v=2-MeDZgnXhk,2-MeDZgnXhk
1059,2022-05-24,21:10:37-07:00,比特幣，繼續盤整、高拋低吸，還是破殼而出、選擇方向？向上，向下？,https://www.youtube.com/watch?v=bCPxYRvJUpU,bCPxYRvJUpU
1060,2022-05-23,20:04:41-07:00,美股漲，比特幣卻跌？爬樓梯上去、坐電梯下來，何時漲上去，補35000的缺口？,https://www.youtube.com/watch?v=4jrCRfZj4Ig,4jrCRfZj4Ig
1061,2022-05-23,00:41:02-07:00,比特幣，周線八連跌，該漲了是嗎？,https://www.youtube.com/watch?v=cug7Q-hF5Fg,cug7Q-hF5Fg
1062,2022-05-20,22:10:09-07:00,比特幣，30000站不穩！假突破後真跌破，繼續做空繼續跌？底快到了嗎？,https://www.youtube.com/watch?v=WsMWt6yaJO8,WsMWt6yaJO8
1063,2022-05-19,21:37:51-07:00,比特幣，30000站得穩嗎？BTC、ETH，要麼回調，要麼突破，在明天！,https://www.youtube.com/watch?v=N5Za9LZTjQM,N5Za9LZTjQM
1064,2022-05-18,21:53:20-07:00,比特幣，還能漲回30000嗎？美股歷史性暴跌，BTC\ETH通道跌破，趨勢線跌破，大量機會在山寨幣……,https://www.youtube.com/watch?v=xHZmdzTSN4o,xHZmdzTSN4o
1065,2022-05-17,22:17:54-07:00,比特幣，帶不動？美股暴漲，幣卻緩跌，頹勢又現？BTC、ETH的兩種視角！,https://www.youtube.com/watch?v=j7n4tNcO2vk,j7n4tNcO2vk
1066,2022-05-16,22:13:27-07:00,比特幣，能反彈多久？BTC的兩次假動作，若能漲到這，或許還不錯……,https://www.youtube.com/watch?v=oTANRiKd304,oTANRiKd304
1067,2022-05-16,01:18:34-07:00,比特幣，新的一周，新的下跌？這周線，有人說很糟，有人說很糟……,https://www.youtube.com/watch?v=Rd9snbir5Us,Rd9snbir5Us
1068,2022-05-13,23:22:18-07:00,比特幣，等底部行為！BTC超賣，但見底了嗎？美股08金融風暴？最詳盡一期！,https://www.youtube.com/watch?v=nJStNnv5sAA,nJStNnv5sAA
1069,2022-05-13,01:33:03-07:00,比特幣，有恐慌、有拋售，卻能彈起！我在思考：收針反彈，還是繼續再跌？,https://www.youtube.com/watch?v=J82Gtm3r7yA,J82Gtm3r7yA
1070,2022-05-11,22:44:12-07:00,比特幣，失去一切支撐？！CPI指數、周線真跌破、日線變阻力、三年趨勢線跌破……,https://www.youtube.com/watch?v=fk9-yjMqhz4,fk9-yjMqhz4
1071,2022-05-10,20:43:14-07:00,比特幣，需求出現！但供應仍在，這條遠古趨勢線，跌破就OVER!!,https://www.youtube.com/watch?v=W1GFYOaVQqI,W1GFYOaVQqI
1072,2022-05-09,20:13:26-07:00,比特幣又見2字頭，能撐住？做空頭還來不來得及？完美交易機會，不可錯過！,https://www.youtube.com/watch?v=lZYzv3r89KA,lZYzv3r89KA
1073,2022-05-08,20:11:42-07:00,比特幣，C浪下跌！BTC、ETH，跌到哪裡去？,https://www.youtube.com/watch?v=0XjqwbwtNMs,0XjqwbwtNMs
1074,2022-05-07,01:41:26-07:00,比特幣，又一次恐慌拋售？還是擇機出逃？BTC、ETH，就在邊緣！,https://www.youtube.com/watch?v=kQPGFCGncCs,kQPGFCGncCs
1075,2022-05-06,01:39:56-07:00,比特幣，終極一戰！這條最後支撐，決定BTC、ETH和所有山寨幣的方向！,https://www.youtube.com/watch?v=VxakXxwO-1k,VxakXxwO-1k
1076,2022-05-05,00:29:05-07:00,比特幣，加息縮表，技術面怎麼看？BTC\ETH，清晰計劃！！,https://www.youtube.com/watch?v=h20o5b-VT2I,h20o5b-VT2I
1077,2022-05-03,23:12:05-07:00,比特幣前兩次都漲，這次？美股漲、BTC跌？美聯儲議息會議，如何應對？！,https://www.youtube.com/watch?v=23KmhW57mJs,23KmhW57mJs
1078,2022-05-02,22:09:52-07:00,比特幣：如果這樣，我就看漲！,https://www.youtube.com/watch?v=pTsfHZd0e6A,pTsfHZd0e6A
1079,2022-05-01,21:45:42-07:00,比特幣，這就撐住了？周線彈起，支撐依然有效？ETH看漲楔形？APE散場了？,https://www.youtube.com/watch?v=txPpo5fqVys,txPpo5fqVys
1080,2022-04-29,22:17:47-07:00,比特幣，極度恐慌！做空熱情高漲，或許沒那麼糟？猴幣APE，小心風險？,https://www.youtube.com/watch?v=BxcHLo-NWII,BxcHLo-NWII
1081,2022-04-28,22:42:06-07:00,比特幣，周線跌不下去，日線漲不上來，接下來呢？美股強勢反轉，BTC/ETH隨漲？,https://www.youtube.com/watch?v=vlGyizf2qm0,vlGyizf2qm0
1082,2022-04-27,21:42:08-07:00,比特幣，漲到這有阻力？有可能去50000？關鍵阻力區，需留意！,https://www.youtube.com/watch?v=VHuaOAVIlQI,VHuaOAVIlQI
1083,2022-04-26,21:52:18-07:00,比特幣+美股，最重要開盤日！BTC周線撐住，維持多久？ETH不過0.618，去向何處？,https://www.youtube.com/watch?v=_sD0yHM9SZo,_sD0yHM9SZo
1084,2022-04-26,00:53:40-07:00,比特幣，絕地反彈！但漲到這裡有阻力，ETH我有完美計劃！,https://www.youtube.com/watch?v=8js7lUdVV-0,8js7lUdVV-0
1085,2022-04-24,21:30:33-07:00,比特幣，周線怎麼樣？最重要的周線級別是？BTC/ETH，兩條通道，留意跌破！,https://www.youtube.com/watch?v=R1GIXNABk_8,R1GIXNABk_8
1086,2022-04-22,22:46:53-07:00,比特幣，懸崖邊緣，一再試探！週末，我只關注這條日線信號！,https://www.youtube.com/watch?v=bjGMdn0WxWg,bjGMdn0WxWg
1087,2022-04-21,22:48:54-07:00,比特幣上下插針，要怎樣？ETH能撐住？最精彩的行情，最精彩的分析！,https://www.youtube.com/watch?v=5ZHv5rU8IUY,5ZHv5rU8IUY
1088,2022-04-20,22:35:42-07:00,比特幣，關鍵阻力！0.618是否突破，決定後市方向！,https://www.youtube.com/watch?v=j3nr0Hairic,j3nr0Hairic
1089,2022-04-19,20:27:49-07:00,比特幣，我等在這！BTC、ETH漲幅放緩，前高假突破，留意0.382！簡單計劃！,https://www.youtube.com/watch?v=zGzUQyKLMNE,zGzUQyKLMNE
1090,2022-04-18,21:52:31-07:00,比特幣，好險！計劃都應驗，下一個完美交易是？BTC、ETH，這條線之上！,https://www.youtube.com/watch?v=JCCjruWDdnY,JCCjruWDdnY
1091,2022-04-17,23:22:04-07:00,比特幣，最好的可能，和最壞的計劃！BTC、ETH，漲能漲到哪，跌能跌到……,https://www.youtube.com/watch?v=GyEcZ8tlWnQ,GyEcZ8tlWnQ
1092,2022-04-15,03:28:25-07:00,比特幣，反彈太弱！多空之間，如何選擇？,https://www.youtube.com/watch?v=4z3HyqD6zYU,4z3HyqD6zYU
1093,2022-04-14,01:19:42-07:00,比特幣強勢反彈，漲到哪受阻？動手做空，還是再等等看？日線、四小時、一小時，行情分析！,https://www.youtube.com/watch?v=Ta7mqbF54-w,Ta7mqbF54-w
1094,2022-04-12,22:11:26-07:00,做空比特幣？好的時機，或是壞的決定？,https://www.youtube.com/watch?v=Hm_h2tqimy0,Hm_h2tqimy0
1095,2022-04-11,20:28:50-07:00,比特幣一直跌，不反彈？何時回漲，給多頭解套？飛刀能接？,https://www.youtube.com/watch?v=2ADlfRPObLU,2ADlfRPObLU
1096,2022-04-10,19:13:43-07:00,比特幣，周線收得怎麼樣？正常回踩？最後震倉？周線有一些信號！,https://www.youtube.com/watch?v=x-u9nIb6NqY,x-u9nIb6NqY
1097,2022-04-08,20:59:52-07:00,比特幣，決定性周線！多頭的最後盼望，空頭的確認信號？決定去留！,https://www.youtube.com/watch?v=moETPxwl6Kk,moETPxwl6Kk
1098,2022-04-07,21:51:36-07:00,比特幣，這條線，最好守住！,https://www.youtube.com/watch?v=Lahe9i2RS6s,Lahe9i2RS6s
1099,2022-04-06,20:38:50-07:00,比特幣大回調，確定熊市B浪最高點？等了十天的交易計劃！,https://www.youtube.com/watch?v=5bWy1bFf_p4,5bWy1bFf_p4
1100,2022-04-05,20:40:57-07:00,比特幣，風險在，機會在！Doge暴漲能否持續？ETH賣盤出現？,https://www.youtube.com/watch?v=jJNl6a0kaCg,jJNl6a0kaCg
1101,2022-04-04,20:30:15-07:00,比特幣的清晰邊界！跌到$$可以買，漲到$$可以賣？,https://www.youtube.com/watch?v=F3SeCxkSQDw,F3SeCxkSQDw
1102,2022-04-03,20:21:25-07:00,十字路口的比特幣！一周行情，逐漸明確，最好的技術分析，分享給你！,https://www.youtube.com/watch?v=ORIXyYPzFP8,ORIXyYPzFP8
1103,2022-04-01,19:57:47-07:00,比特幣，趨勢還在嗎？ETH/BTC突破，快找財富密碼！,https://www.youtube.com/watch?v=TJBBBK8Ts_E,TJBBBK8Ts_E
1104,2022-03-31,19:54:27-07:00,比特幣，最後的戰役！,https://www.youtube.com/watch?v=vpafizMmIgM,vpafizMmIgM
1105,2022-03-30,20:50:42-07:00,比特幣，何時再出發？BTC的旗形，ETH的三角形，ETH/BTC屏息以待！,https://www.youtube.com/watch?v=EUqmeeVrxTA,EUqmeeVrxTA
1106,2022-03-29,20:52:03-07:00,ETH/BTC，突破就是大機會！上次錯過了？這次不能了！,https://www.youtube.com/watch?v=uN0-sl6-3No,uN0-sl6-3No
1107,2022-03-28,20:31:52-07:00,比特幣漲到這了，接下來…？認清趨勢，警惕風險！思考最久、最耗腦細胞的一期！,https://www.youtube.com/watch?v=Q2b0iyYjdZY,Q2b0iyYjdZY
1108,2022-03-27,19:58:24-07:00,比特幣狂暴突破！回踩做多？ape等山寨幣有機會？！熊市反彈的最高峰，還是牛市重回的第一步？,https://www.youtube.com/watch?v=e6hfO_JaWgI,e6hfO_JaWgI
1109,2022-03-25,19:33:26-07:00,比特幣，多空臨界點！趨勢將到，不要錯過！三個簡單的交易計劃！,https://www.youtube.com/watch?v=NRUmiS24dVQ,NRUmiS24dVQ
1110,2022-03-24,18:59:29-07:00,比特幣，強阻力臨近！錄製時，發生最神奇一幕，精準到美分，超符合技術分析！,https://www.youtube.com/watch?v=8ATp5-H-s0E,8ATp5-H-s0E
1111,2022-03-23,19:28:15-07:00,BTC\ETH，還能漲？我等它到這來！最簡單、最清晰的多空計劃！,https://www.youtube.com/watch?v=qTBTpVYgNN8,qTBTpVYgNN8
1112,2022-03-22,20:16:44-07:00,比特幣，反手做空？以太假突破？平掉35000多單後，卻不急於做空，這次很不同？,https://www.youtube.com/watch?v=1HmkT4egSd4,1HmkT4egSd4
1113,2022-03-21,19:19:41-07:00,正更新行情，比特幣突破！ETH繼續看多？但這裡有阻力！,https://www.youtube.com/watch?v=Y_mkksuueRY,Y_mkksuueRY
1114,2022-03-20,18:56:18-07:00,BTC\ETH，最好的交易機會是？比特幣收斂盤整，方向快出！最好的技術分析，最詳盡的交易計劃，分享給你！,https://www.youtube.com/watch?v=SWL_sioMRGg,SWL_sioMRGg
1115,2022-03-18,18:59:59-07:00,BTC、ETH若突破，就是山寨季？大家都高興，但我為什麼階段性止盈？,https://www.youtube.com/watch?v=5dbD3jkvIas,5dbD3jkvIas
1116,2022-03-17,18:36:01-07:00,比特幣盤整，ETH再啟動？三個月沒講過，但最近或許有機會！我的多空計劃！,https://www.youtube.com/watch?v=x3A6o93cQ7o,x3A6o93cQ7o
1117,2022-03-16,18:38:28-07:00,比特幣繼續漲？加息落地，利空出盡，美股比特幣都上漲，但能否持續？,https://www.youtube.com/watch?v=FlYVz9hmbdY,FlYVz9hmbdY
1118,2022-03-15,19:32:27-07:00,比特幣利空出盡？還是高興得太早？今年最重要加息會議！,https://www.youtube.com/watch?v=YagXaz4az4k,YagXaz4az4k
1119,2022-03-14,18:28:06-07:00,比特幣，沉默中爆發？還是沉默後暴跌？做好交易計劃，等行情放馬過來！,https://www.youtube.com/watch?v=97pPSo02jos,97pPSo02jos
1120,2022-03-10,23:29:57-08:00,比特幣急漲又急跌，到底去何方？昨日行情復盤、今日行情分析、明日交易計劃！,https://www.youtube.com/watch?v=RVIskUUqDB4,RVIskUUqDB4
1121,2022-03-09,17:21:34-08:00,比特幣，強勢反彈！核心問題：繼續盤整，還是單邊上漲？,https://www.youtube.com/watch?v=4wbG96QsQlQ,4wbG96QsQlQ
1122,2022-03-08,18:48:33-08:00,做多比特幣？超強日線撐住了，能否突破這條線？非常關鍵！,https://www.youtube.com/watch?v=PIt6H2wV7bM,PIt6H2wV7bM
1123,2022-03-06,16:13:35-08:00,比特幣：更糟的周線？反彈乏力，做多需謹慎！對目前整體趨勢的判斷是？,https://www.youtube.com/watch?v=QL_-RqACl5Q,QL_-RqACl5Q
1124,2022-03-05,10:16:40-08:00,在這做空比特幣？不是好主意！所以，要買入做多嗎？我等一個確認！,https://www.youtube.com/watch?v=RsHtuSg6Qgo,RsHtuSg6Qgo
1125,2022-03-04,01:21:23-08:00,比特幣，他們說買，我就想賣！這次跌到哪？最好的交易機會？,https://www.youtube.com/watch?v=0oqUisJy-lc,0oqUisJy-lc
1126,2022-03-02,17:39:18-08:00,比特幣要跌？有短線回調預期，但若破前高，W底成型，或許56K？,https://www.youtube.com/watch?v=JpkhDZmoCXc,JpkhDZmoCXc
1127,2022-03-02,01:46:17-08:00,比特幣，漲多了要跌？為什麼不再漲了？超強阻力在哪？是否突破就看美股？,https://www.youtube.com/watch?v=BMskRxCFwvc,BMskRxCFwvc
1128,2022-02-28,15:52:59-08:00,比特幣大暴漲！強勢回歸？月線收得怎麼樣？接下來這月怎麼走？三月詳細計劃！,https://www.youtube.com/watch?v=tFVsArrdqog,tFVsArrdqog
1129,2022-02-26,08:45:45-08:00,比特幣，這次你錯不起！又一次牛市的開端？還是稍縱即逝的反彈？我的復盤和計劃！,https://www.youtube.com/watch?v=Nxm5RUpCQFk,Nxm5RUpCQFk
1130,2022-02-24,11:07:37-08:00,俄烏開戰，美股暴跌，比特幣能否獨善其身？尊重盤面，制定計劃，水來土掩，兵來將擋！,https://www.youtube.com/watch?v=pmvpMuiDlts,pmvpMuiDlts
1131,2022-02-22,09:36:26-08:00,比特幣有反彈，但太弱！美股繼續崩，比特幣怎麼辦？,https://www.youtube.com/watch?v=xC--fbNaqOY,xC--fbNaqOY
1132,2022-02-21,07:16:36-08:00,比特幣要反轉？！破底翻後，強勢逆轉？一個盈虧比超好的交易機會！,https://www.youtube.com/watch?v=EVrz4TYEJHc,EVrz4TYEJHc
1133,2022-02-20,08:14:28-08:00,比特幣繼續跌，繼續空？空到多少去？我有不同計劃！,https://www.youtube.com/watch?v=P-okmJS89_Y,P-okmJS89_Y
1134,2022-02-19,08:09:36-08:00,比特幣，跌到底了嗎？成為贏家的前提條件是什麼？什麼是交易者最重要的能力？,https://www.youtube.com/watch?v=Br1Bk8wxdB8,Br1Bk8wxdB8
1135,2022-02-18,06:24:03-08:00,比特幣，最後逃頂時機？或最後抄底時機？你的想法，要和大多數人不一樣！,https://www.youtube.com/watch?v=mJtoKoHHKdA,mJtoKoHHKdA
1136,2022-02-17,08:43:20-08:00,槍炮、病菌和比特幣！跌到多少可抄底？斐波拉契的0.618，俄羅斯的炮彈，做交易看哪個？,https://www.youtube.com/watch?v=SdZwOH3pTZg,SdZwOH3pTZg
1137,2022-02-16,04:48:51-08:00,比特幣的多空臨界點！順勢突破，還是又一次51900？絕對重要！分享一個超實用小工具！,https://www.youtube.com/watch?v=6zItaNyKjQs,6zItaNyKjQs
1138,2022-02-15,04:15:43-08:00,比特幣強勢反彈，關鍵阻力區，能否突破？一筆止損的交易、多空對沖的意義！,https://www.youtube.com/watch?v=0PK_XiE1y94,0PK_XiE1y94
1139,2022-02-14,02:32:42-08:00,比特幣最糟周線，預示下週凶多吉少？ETH繼續弱勢？山寨幣有無翻身機會？一周交易計劃！,https://www.youtube.com/watch?v=3V0_l4qLsDU,3V0_l4qLsDU
1140,2022-02-12,05:44:41-08:00,比特幣還要跌？下降趨勢未改變，這些價格或許有支撐！BTC.D佔比提高，山寨幣小心！,https://www.youtube.com/watch?v=cGAibzzFHNc,cGAibzzFHNc
1141,2022-02-11,02:33:18-08:00,風險提醒！比特幣沖高回落，不可忽視的潛在風險！山寨幣，或許也會受影響！,https://www.youtube.com/watch?v=OpofWSUuH3U,OpofWSUuH3U
1142,2022-02-09,01:25:33-08:00,比特幣多空換手，絕對均衡的中繼形態，漲？跌？跟隨趨勢！,https://www.youtube.com/watch?v=rvVIYHjsj-U,rvVIYHjsj-U
1143,2022-02-08,02:25:18-08:00,比特幣衝高回落，是拉高出貨？還是正常回調？這決定了：是清倉跑路，還是逢低買入！,https://www.youtube.com/watch?v=GtoEq3SPkBs,GtoEq3SPkBs
1144,2022-02-06,23:38:24-08:00,比特幣，阻力重重！臨近周線阻力區，是否突破，將決定一周走勢！ETH什麼情況？,https://www.youtube.com/watch?v=LHwuJZqtie4,LHwuJZqtie4
1145,2022-02-06,08:20:12-08:00,比特幣上漲中繼？or階段性小頂？震蕩區間，怎麼做交易？最簡單策略！,https://www.youtube.com/watch?v=6BbJLjPTgAc,6BbJLjPTgAc
1146,2022-02-05,04:07:12-08:00,比特幣，事情正在起變化！熊市反彈？牛市再來？不要帶成見做交易，這次或許不一樣！,https://www.youtube.com/watch?v=Td8tiMHuieU,Td8tiMHuieU
1147,2022-02-04,01:01:14-08:00,臨近突破？BTC第五次挑戰趨勢線，不可錯過的交易機會，我的完整交易策略！,https://www.youtube.com/watch?v=IiNffYDpaHo,IiNffYDpaHo
1148,2022-02-03,03:58:49-08:00,美股+幣市，關鍵時刻！BTC跌到哪？美股死貓反彈？我的預測和應對！,https://www.youtube.com/watch?v=w0PHpiN-FCM,w0PHpiN-FCM
1149,2022-02-02,05:44:22-08:00,比特幣不漲不跌，趨勢線附近徘徊，等待出方向！BTC、ETH、ALGO、ONE，行情分析！,https://www.youtube.com/watch?v=q1g3ATxLegY,q1g3ATxLegY
1150,2022-02-01,05:03:01-08:00,比特幣多空對決，或在今日！小心，臨近核心趨勢線！神奇的月線支撐，下次別錯過！,https://www.youtube.com/watch?v=g9lz3dlk7PM,g9lz3dlk7PM
1151,2022-02-01,02:57:42-08:00,交易入門課程003：日本蠟燭圖技術！認識K線，識別反轉！交易的起點，一切的基礎！TiaBtc003,https://www.youtube.com/watch?v=ab5GUxw2GBs,ab5GUxw2GBs
1152,2022-01-31,05:00:14-08:00,比特幣，何時探底？相似的周線形態，但成交量很不一樣，或許是反轉？！,https://www.youtube.com/watch?v=u-8By--6kDc,u-8By--6kDc
1153,2022-01-29,04:32:28-08:00,比特幣，日線底背離完成！即將測試核心趨勢線，這幾天就出方向！,https://www.youtube.com/watch?v=YAzS5EedYI0,YAzS5EedYI0
1154,2022-01-27,04:17:18-08:00,美聯儲會議後，比特幣怎麼走？等二次探底？給你看個東西！,https://www.youtube.com/watch?v=f1lEZMZHrWU,f1lEZMZHrWU
1155,2022-01-26,04:12:57-08:00,比特幣繼續漲？成交量萎縮，卻能繼續漲，在等美股小反彈？留意美聯儲會議！,https://www.youtube.com/watch?v=CBkOBx3tZfU,CBkOBx3tZfU
1156,2022-01-25,03:05:01-08:00,第一次！比特幣買盤已來，能否V型反轉？所有人做空都賺錢時，或許趨勢將改！,https://www.youtube.com/watch?v=iyoVw6QWd2Y,iyoVw6QWd2Y
1157,2022-01-24,04:07:03-08:00,比特幣跌跌跌，這飛刀能不能接？通道+核心支撐區，做空要看這條線！,https://www.youtube.com/watch?v=L2C7VVviMZk,L2C7VVviMZk
1158,2022-01-22,03:15:27-08:00,美股崩盤，比特幣崩盤！抄底，還是割肉？通道是否能撐住？,https://www.youtube.com/watch?v=R7AskKPagbM,R7AskKPagbM
1159,2022-01-21,00:34:07-08:00,比特幣跌破40000！美股帶崩？繼續潰敗？留意這條線！【直播簡明扼要版】,https://www.youtube.com/watch?v=SqNCoVxcMQk,SqNCoVxcMQk
1160,2022-01-20,02:39:57-08:00,比特幣頭肩頂，何時做空？美股崩盤風險？重大風險提醒！,https://www.youtube.com/watch?v=XIofhc0xZp0,XIofhc0xZp0
1161,2022-01-19,00:56:27-08:00,比特幣通道下緣，才是底？我不在此做空，但存這種可能性在心！低於40的BTC.D，就是摸不得的老虎屁股！,https://www.youtube.com/watch?v=MzYhO-ZPuvI,MzYhO-ZPuvI
1162,2022-01-17,17:30:01-08:00,盤整時期的比特幣，是漲，是跌，是盤整？ETH和LUNA的相似走勢！,https://www.youtube.com/watch?v=R2yVz6NhMwI,R2yVz6NhMwI
1163,2022-01-16,06:21:46-08:00,比特幣，所有人都在等！暴風雨的前夜？ETH，漲到這裡我減倉！,https://www.youtube.com/watch?v=OWPS_InJXI8,OWPS_InJXI8
1164,2022-01-14,06:10:33-08:00,比特幣，為什麼跌了？又為什麼漲了？能否撐住？以及我的交易分享！,https://www.youtube.com/watch?v=hCQ1CA1NxhE,hCQ1CA1NxhE
1165,2022-01-13,05:35:49-08:00,比特幣日線底背離，看漲？ETH強阻力到了！美聯儲、貨幣政策、宏觀經濟，說說我的看法,https://www.youtube.com/watch?v=8pu6YQdKRG8,8pu6YQdKRG8
1166,2022-01-12,06:14:16-08:00,就這樣漲上去？比特幣觸底反彈，逼近阻力區！ETH強勢反彈，分批止盈？,https://www.youtube.com/watch?v=aOMUN9nuf4Q,aOMUN9nuf4Q
1167,2022-01-11,04:05:49-08:00,WOW! 比特幣假跌破！買盤初現，震倉彈簧？之後怎麼走？,https://www.youtube.com/watch?v=VCuOCTac5sA,VCuOCTac5sA
1168,2022-01-10,04:17:37-08:00,40000就像鋼絲繩，比特幣能否撐住？3000的ETH，已經是底？關注這個行為！,https://www.youtube.com/watch?v=zLKxyNF--Ug,zLKxyNF--Ug
1169,2022-01-08,05:09:39-08:00,比特幣守住了！但買方呢？市場在觀望，等一個確認信號！,https://www.youtube.com/watch?v=kOUriHtyhe0,kOUriHtyhe0
1170,2022-01-07,05:12:32-08:00,極度巧合！比特幣的34天！是28K那樣的階段性底部？還是頭肩頂暴跌的前夜？做好準備！,https://www.youtube.com/watch?v=5McKsshFaGM,5McKsshFaGM
1171,2022-01-06,04:23:53-08:00,現在做空比特幣？好時機，還是壞主意？ETH，跌破3000？,https://www.youtube.com/watch?v=RvQ2BvH6r9g,RvQ2BvH6r9g
1172,2022-01-05,04:15:29-08:00,比特幣昨日再現？這形態，29000時出現過，這次會不會一樣？,https://www.youtube.com/watch?v=mce6Ditpedg,mce6Ditpedg
1173,2022-01-03,23:29:14-08:00,比特幣，我等這個價！牛市的最後震倉？還是漫長熊市？BTC市佔比又到危險位，上次發生了……,https://www.youtube.com/watch?v=YdcGmrdS7Eo,YdcGmrdS7Eo
1174,2022-01-01,02:42:32-08:00,比特幣觸底反彈，因為期權結算？ETH的潛在阻力？行情分析，及新年展望！,https://www.youtube.com/watch?v=38OC2ynFwhI,38OC2ynFwhI
1175,2021-12-31,06:12:33-08:00,比特幣頭肩底突破！絕佳做多時機？還是馬上就到阻力區？,https://www.youtube.com/watch?v=EzMqAJJoTvs,EzMqAJJoTvs
1176,2021-12-30,05:37:37-08:00,比特幣跌到底了？觸底反彈，V型反轉？碰碰運氣，ETH會不會跌到這個白菜價？,https://www.youtube.com/watch?v=NBkTXaF6imY,NBkTXaF6imY
1177,2021-12-29,06:10:25-08:00,比特幣的歷史重演？如果和上次一樣，會跌到這個地方！ETH弱勢，MATIC等更弱！,https://www.youtube.com/watch?v=5jZGoMsw8SQ,5jZGoMsw8SQ
1178,2021-12-27,19:01:34-08:00,錯過51900的賣出時機？不要錯過在這裡買！BTC瀑布，matic/mana/sol/sand或有風險！,https://www.youtube.com/watch?v=wohOKt44gSA,wohOKt44gSA
1179,2021-12-27,05:40:41-08:00,BTC回踩確認，若再突破，將有不可錯過的趨勢行情！BIT\FTM\SAND，簡單帶過~,https://www.youtube.com/watch?v=xvxOO5iAKMM,xvxOO5iAKMM
1180,2021-12-26,17:25:11-08:00,交易入門課程002：風險優先！資金管理，風險管理，TiaBtc002,https://www.youtube.com/watch?v=MQTh3UxCPmA,MQTh3UxCPmA
1181,2021-12-25,19:42:07-08:00,跌破50000！比特幣緊急更新！,https://www.youtube.com/watch?v=z7XUaa1MgPg,z7XUaa1MgPg
1182,2021-12-25,03:53:38-08:00,比特幣51900無法突破，重回底部吸籌？分享我的計劃，分享我的聖誕樹！,https://www.youtube.com/watch?v=vjU3qgaA5_4,vjU3qgaA5_4
1183,2021-12-24,04:10:21-08:00,牛市回來了？比特幣突破核心趨勢線，單邊上漲？還是繼續盤整，只看51900！,https://www.youtube.com/watch?v=hPIsAOL9mf8,hPIsAOL9mf8
1184,2021-12-23,02:34:17-08:00,比特幣，正常回調，或逃命趁早？已臨近核心趨勢線！ETH假突破後，是否真跌破？,https://www.youtube.com/watch?v=o_J9h7JGz-g,o_J9h7JGz-g
1185,2021-12-22,01:25:02-08:00,比特幣真突破？除非站穩這條線！ETH突破三角震蕩，但未必要開多，等BTC確認！,https://www.youtube.com/watch?v=73_6EVTGShU,73_6EVTGShU
1186,2021-12-21,02:59:30-08:00,比特幣，跌勢反轉了？觸底反彈，真突破還是假突破？留意這條線！,https://www.youtube.com/watch?v=Qjxk3H_dkms,Qjxk3H_dkms
1187,2021-12-20,04:47:44-08:00,比特幣何時反轉？ETH強勢不再？仍在盤整，留意假突破/假跌破！,https://www.youtube.com/watch?v=A_n-TjHA4cQ,A_n-TjHA4cQ
1188,2021-12-18,04:33:23-08:00,比特幣，能否站穩通道中軸？很關鍵！ETH阻力區將至！波幅縮小，快要出方向？,https://www.youtube.com/watch?v=wElP9DW0zks,wElP9DW0zks
1189,2021-12-18,03:03:42-08:00,交易入門課程001：計劃你的交易，TiaBtc001,https://www.youtube.com/watch?v=HRmnIGT2How,HRmnIGT2How
1190,2021-12-17,03:40:31-08:00,比特幣，跌到多少可以買？留意以太坊的重要趨勢線！完美盤整，easy money!!!,https://www.youtube.com/watch?v=NtisUd9nadI,NtisUd9nadI
1191,2021-12-16,04:51:38-08:00,比特幣，神秘螺旋又來！快到邊緣，多空分歧大！ETH也臨近阻力區，做多需謹慎！,https://www.youtube.com/watch?v=9QYrsQgDvac,9QYrsQgDvac
1192,2021-12-15,04:25:03-08:00,比特幣越盤越清晰，分享一則簡單策略！美聯儲議息在即，帶好止損，降低風險！,https://www.youtube.com/watch?v=P6BtwuhWh4M,P6BtwuhWh4M
1193,2021-12-14,04:37:49-08:00,比特幣，未必那麼熊！散戶極度恐慌，價格卻未跌破，誰在買？熟悉的吸籌區？,https://www.youtube.com/watch?v=g81YObbZeWQ,g81YObbZeWQ
1194,2021-12-13,05:12:27-08:00,比特幣的上限和下限？接下來的交易計劃，都關乎這兩條線！此外，ETH頹勢仍未扭轉…,https://www.youtube.com/watch?v=DinQMc0ISN8,DinQMc0ISN8
1195,2021-12-11,03:44:26-08:00,BTC和ETH，都出現了奇怪的東西！看漲形態！漲到哪裡？持續盤整，何時抄底？,https://www.youtube.com/watch?v=pF1t7vGLQ_c,pF1t7vGLQ_c
1196,2021-12-10,05:26:42-08:00,比特幣跌到底了沒？ETH仍現頹勢？無論漲跌，你只需站在對的一邊！,https://www.youtube.com/watch?v=RqFQ3vsBqmw,RqFQ3vsBqmw
1197,2021-12-09,03:44:05-08:00,小心跌破！比特幣反復試探，趨勢線能否撐住？ETH頹勢初現，換回比特幣？山寨要小心！,https://www.youtube.com/watch?v=16eDVEyx4EE,16eDVEyx4EE
1198,2021-12-08,04:35:37-08:00,比特幣二次探底，探得到底嗎？比特幣市場佔比再觸底，山寨幣或有危險？,https://www.youtube.com/watch?v=tEZbBm-y-9g,tEZbBm-y-9g
1199,2021-12-07,03:27:08-08:00,比特幣，是牛是熊？美股反彈，比特幣隨漲，能否持續？ETH完美周線，也要耐心等盤整！,https://www.youtube.com/watch?v=J94Z0xwKYAo,J94Z0xwKYAo
1200,2021-12-05,04:53:47-08:00,比特幣暴跌後復盤！接下來怎麼走？難道真是機構砸盤，技術分析無能為力？未必！,https://www.youtube.com/watch?v=mcAlazzhObU,mcAlazzhObU
1201,2021-12-03,17:05:01-08:00,比特幣的蝴蝶效應！極度恐慌了？說不定跌穩了。,https://www.youtube.com/watch?v=T2jTa9ELDfE,T2jTa9ELDfE
1202,2021-12-03,04:14:07-08:00,BTC不漲不跌，是牛市走了嗎？ETH能否繼續強勢？拋開情緒，來量價分析！,https://www.youtube.com/watch?v=XVY1RRE8klc,XVY1RRE8klc
1203,2021-12-02,03:16:22-08:00,BTC新聞利空？美股崩盤拖下水？ETH還漲不漲？我留意這些點位！,https://www.youtube.com/watch?v=32VdQi0EAvA,32VdQi0EAvA
1204,2021-11-30,18:29:31-08:00,ETH強勢爆發！扛旗領漲，還是全盤帶崩？BTC跌到這裡我會買！山寨暴漲的牛尾行情快到了？,https://www.youtube.com/watch?v=7lrUnxVADYA,7lrUnxVADYA
1205,2021-11-30,02:43:08-08:00,盤整半年，ETH強勢突破！BTC跌到多少？SAND大資金出貨？！,https://www.youtube.com/watch?v=6-T3CzHXkEU,6-T3CzHXkEU
1206,2021-11-29,02:28:38-08:00,比特幣突破！真去98K？似乎上漲乏力！一周交易計劃更新！,https://www.youtube.com/watch?v=17L3dJE6N7I,17L3dJE6N7I
1207,2021-11-27,04:46:18-08:00,比特幣，又一次極度恐慌！一樣會漲？或者這次不一樣？12月9日會發生什麼？,https://www.youtube.com/watch?v=Zav10TtlYfY,Zav10TtlYfY
1208,2021-11-26,04:33:29-08:00,比特幣暴跌，54K達成！ETH率先完成B浪反彈，並迅速開啟C浪，見底了嗎？,https://www.youtube.com/watch?v=oMFcWMBYmGo,oMFcWMBYmGo
1209,2021-11-25,02:56:58-08:00,打起精神來，比特幣將出方向！向上還是向下？搭哪趟車？ETH的大刀，已饑渴難耐！,https://www.youtube.com/watch?v=rRVJwLjAx6U,rRVJwLjAx6U
1210,2021-11-24,03:03:13-08:00,MUSK發難幣安！DOGE這樣才能漲？比特幣在盤整築底？強勢ETH，所言不虛！,https://www.youtube.com/watch?v=b-ySJA-J6vU,b-ySJA-J6vU
1211,2021-11-22,04:09:24-08:00,比特幣牛市還在嗎？什麼階段？強阻力區，需要注意！ETH最完整波浪分析！,https://www.youtube.com/watch?v=qNAMt5uJHWc,qNAMt5uJHWc
1212,2021-11-20,04:05:33-08:00,比特幣小回彈，但0.618魔咒未解，還會跌？ETH更強勢，但也到臨界點！,https://www.youtube.com/watch?v=ujfsabDcK3c,ujfsabDcK3c
1213,2021-11-19,04:08:34-08:00,比特幣，跌到多少有支撐？我在等這樣一個反轉信號！為什麼說ETH走勢更強勢？,https://www.youtube.com/watch?v=2muFVMB6kF4,2muFVMB6kF4
1214,2021-11-18,04:01:49-08:00,比特幣，一小時級別吸籌區？無聊行情的不無聊更新！,https://www.youtube.com/watch?v=iRkqiLvL-BE,iRkqiLvL-BE
1215,2021-11-17,04:08:14-08:00,比特幣58000撐不住？要去52000？PlanB改口，98k漲不上去？一個月漲50%，這像熊市麼？,https://www.youtube.com/watch?v=VEY2kHaeb-4,VEY2kHaeb-4
1216,2021-11-16,00:01:54-08:00,比特幣暴跌！是回踩周線，也是四浪回調！ETH巨鯨提幣，非常罕見，誰拿到了內幕？,https://www.youtube.com/watch?v=KNmdZlXzTM8,KNmdZlXzTM8
1217,2021-11-15,02:38:49-08:00,比特幣周線，出現什麼信號？日線突破關鍵區，上方強阻力？ETH走勢可好？一周交易計劃分享！,https://www.youtube.com/watch?v=RVfaV1_aPo8,RVfaV1_aPo8
1218,2021-11-13,17:08:05-08:00,六萬多的比特幣，是頂還是底？這個信號，預判後市的漲跌！ETH出方向？詳細分析！,https://www.youtube.com/watch?v=tm_tzd9JHTU,tm_tzd9JHTU
1219,2021-11-12,04:05:10-08:00,比特幣見頂？牛市頂部是怎樣的？以太坊基金會拋售？留意這個支撐位！,https://www.youtube.com/watch?v=0z-FNBaX9M0,0z-FNBaX9M0
1220,2021-11-10,18:20:35-08:00,比特幣暴漲又暴跌，到底怎麼了？機構砸盤，還是恆大的定時炸彈？ETH隨之回調，山寨幣怎麼辦？,https://www.youtube.com/watch?v=ot1URa0VdHE,ot1URa0VdHE
1221,2021-11-10,00:43:52-08:00,比特幣正常回調？或見頂信號？合約持倉量新高，此前每次都暴跌，這次會不會也一樣？,https://www.youtube.com/watch?v=7oUaLZ1M8-U,7oUaLZ1M8-U
1222,2021-11-08,20:21:18-08:00,比特幣星際漫遊指北！漲到多少？何時賣出？以太ETH最強走勢是？此外，這幾個幣，或許有機會！,https://www.youtube.com/watch?v=uJmY8EOT7lA,uJmY8EOT7lA
1223,2021-11-07,17:41:36-08:00,比特幣65000，真假突破？以太坊4700，再創新高！山寨吸血？BNB/BIT，平台幣繼續漲？,https://www.youtube.com/watch?v=cF_AxAip2FE,cF_AxAip2FE
1224,2021-11-06,17:10:23-07:00,比特幣，黎明前的盤整！以太坊精準插針，仍強勢？類似BNB的暴漲形態，這兩個幣也有！,https://www.youtube.com/watch?v=2vwZUfIJnZ0,2vwZUfIJnZ0
1225,2021-11-05,01:29:40-07:00,快到臨界點！比特幣上次也這樣，不可忽視！ETH我會在這買，BNB/CAKE/BAKE要復活？,https://www.youtube.com/watch?v=z-7ONbc9iTI,z-7ONbc9iTI
1226,2021-11-04,04:16:09-07:00,比特幣還需盤整，ETH回調多少可買入？今天暴漲50%的幣，怎麼找到的？教你方法！,https://www.youtube.com/watch?v=dUM2R9FzC6k,dUM2R9FzC6k
1227,2021-11-03,02:11:32-07:00,比特幣BTC突破頭肩底！以太坊ETH歷史新高，去6000？SOL日線級突破！,https://www.youtube.com/watch?v=jowE8rYbnAQ,jowE8rYbnAQ
1228,2021-11-02,01:24:14-07:00,比特幣頭肩底即將突破！BTC底部反轉即將完成？ETH仍然強勢？這個幣盤整後，或許繼續上漲！,https://www.youtube.com/watch?v=mUvLYvP2jZ4,mUvLYvP2jZ4
1229,2021-11-01,01:13:12-07:00,比特幣突破趨勢線！趨勢反轉？BTC\ETH，月線周線怎麼樣？繼續持有？,https://www.youtube.com/watch?v=n5_nAce_WFU,n5_nAce_WFU
1230,2021-10-30,00:17:07-07:00,比特幣正常回踩，還是再跌一波？ETH新高，MANA、BIT暴漲，再漲幾倍？,https://www.youtube.com/watch?v=VqYR8RbZNkA,VqYR8RbZNkA
1231,2021-10-28,17:31:40-07:00,比特幣怎麼了？上下插針，終極震倉？以太坊ETH，強勢初現！狗狗幣DOGE，是否有機會？,https://www.youtube.com/watch?v=QP9ANf08UtY,QP9ANf08UtY
1232,2021-10-28,01:57:17-07:00,散戶有序離場，主力悄悄接盤！為什麼57000下不去？狗狗幣重新復活？SHIB有危險要逃頂？,https://www.youtube.com/watch?v=p_eKClh6AsE,p_eKClh6AsE
1233,2021-10-27,01:38:35-07:00,比特幣跌破60000，還要跌到哪？減倉離場，還是加倉時機？以及，我的誤判復盤！,https://www.youtube.com/watch?v=uhG2MNvP4R0,uhG2MNvP4R0
1234,2021-10-26,00:54:05-07:00,比特幣買盤不足，上漲無力！惡性通貨膨脹下，比特幣未來如何？BTC、ETH，近期大戶有什麼動作？,https://www.youtube.com/watch?v=jRmt62XKokA,jRmt62XKokA
1235,2021-10-24,23:08:55-07:00,比特幣周線收陰，大利空？拉升，還是掉頭向下？畫好這幾條線，大量交易機會！我的一周交易計劃分享,https://www.youtube.com/watch?v=u-NTsEnxO-I,u-NTsEnxO-I
1236,2021-10-23,00:35:38-07:00,比特幣下跌7000美金，是散戶解套，還是主力出逃？簡單說，是散戶在賣，還是機構在賣？贏家還是輸家，看你站哪一邊！,https://www.youtube.com/watch?v=ZQOVVpS2e1A,ZQOVVpS2e1A
1237,2021-10-21,19:15:46-07:00,比特幣還好嗎？閃崩4000美金，正常回撤，還是危險來臨？以太坊的劇本，在這裡！,https://www.youtube.com/watch?v=-2nL3cz236s,-2nL3cz236s
1238,2021-10-20,22:19:13-07:00,比特幣歷史新高，極度貪婪，也極度恐懼！合約持倉歷史新高，崩盤前兆？或者，正常縮量回調？ETH強勢突破，有機會！,https://www.youtube.com/watch?v=43cfmhVtRcE,43cfmhVtRcE
1239,2021-10-19,19:25:06-07:00,比特幣歷史新高前，會發生什麼？上次發生了什麼？BTC/ETH分析，分享我的交易計劃！,https://www.youtube.com/watch?v=h2mmapRUlS4,h2mmapRUlS4
1240,2021-10-19,02:56:26-07:00,比特幣63000，過不去的坎？以太坊ETH頹勢初現？FTM走勢完美，Coinbase股票大漲，Tesla更強走勢！,https://www.youtube.com/watch?v=thUknp8C8Dw,thUknp8C8Dw
1241,2021-10-17,23:12:47-07:00,比特幣周線突破！破歷史的收線價，或許是明確信號？以太坊ETH若突破，漲到6000？,https://www.youtube.com/watch?v=eEGEjbC7Rac,eEGEjbC7Rac
1242,2021-10-16,02:59:20-07:00,比特幣，狂暴牛市的什麼階段？BTC和ETH，即將到來的完美交易機會？,https://www.youtube.com/watch?v=KwaKE30Ib0g,KwaKE30Ib0g
1243,2021-10-14,20:40:47-07:00,比特幣重大利好，比特幣期貨ETF，或將無阻礙通過！行情分析，快速解讀！,https://www.youtube.com/watch?v=lZO3ti_VfEc,lZO3ti_VfEc
1244,2021-10-14,18:23:06-07:00,回調？或盤整？比特幣四小時MACD頂背離，ETH頭肩底突破後，是否能企穩、並啟動山寨季？非常關鍵！,https://www.youtube.com/watch?v=iSo-4kb2nBQ,iSo-4kb2nBQ
1245,2021-10-13,18:59:24-07:00,比特幣58000，月線突破！距離63000，只差8%！以太坊大型頭肩底若成立，也將迎來補漲！BTC\ETH\SHIB\DOT分析！,https://www.youtube.com/watch?v=RK8rQ11q2l8,RK8rQ11q2l8
1246,2021-10-12,18:54:32-07:00,比特幣急跌，佯裝無事？魚尾行情，知進知退！以太坊ETH區間震蕩，畫出這兩條線！,https://www.youtube.com/watch?v=60LRPPBFr7A,60LRPPBFr7A
1247,2021-10-12,13:32:16-07:00,比特幣急跌，快速更新！仍看好六萬三，但危險來的時候避一避，合約多單已止盈，落袋為安，再等時機！,https://www.youtube.com/watch?v=WwCibXi8r74,WwCibXi8r74
1248,2021-10-11,22:23:25-07:00,上方阻力重重，比特幣難漲上去？極度貪婪時，現貨開始減倉？ETH為什麼五次都無法突破這條線？ETH不漲，山寨也難！BTC\ETH\ADA\DOT\FTT分析！,https://www.youtube.com/watch?v=9MjKhtSffJc,9MjKhtSffJc
1249,2021-10-10,23:47:00-07:00,比特幣突破56500！！但巨量賣單出現，這裡是否就是頂？以太坊為何遲遲不動？山寨幣何時跟漲？BTC\ETH\SHIB\FTM，我的一周交易計劃！,https://www.youtube.com/watch?v=0wEbGO-DX-Q,0wEbGO-DX-Q
1250,2021-10-08,20:22:36-07:00,比特幣日線難看，但並未跌破上升旗形！ETH跌破上升楔形？SHIB莊家跑了？FTM就是無法突破2.4美金？CELR或許有機會？,https://www.youtube.com/watch?v=x_3aOxldnDk,x_3aOxldnDk
1251,2021-10-08,02:32:15-07:00,比特幣拒絕回調！再次極度貪婪，從技術分析來看，危險是否臨近？SHIB機構出逃，最佳賣出價是？FTM漲破2.4，賣出獲利？,https://www.youtube.com/watch?v=5fAu1X_bLvI,5fAu1X_bLvI
1252,2021-10-06,18:51:22-07:00,比特幣55000穩不穩？！16億市價買幣的大鯨魚，得到了什麼消息？SHIB翻三倍，下一個暴漲的是？,https://www.youtube.com/watch?v=qVpIpFi5rJ0,qVpIpFi5rJ0
1253,2021-10-05,23:07:58-07:00,52000強阻力區，比特幣能否突破？和上次一樣暴跌？非常關鍵的一天！,https://www.youtube.com/watch?v=Bcd7hVNFNkg,Bcd7hVNFNkg
1254,2021-10-04,18:53:13-07:00,比特幣突破49000，能否站穩？SHIB爆拉，原因是什麼？DOGE也要復活了？不可錯過！,https://www.youtube.com/watch?v=2es_a1cKvOo,2es_a1cKvOo
1255,2021-10-03,18:49:43-07:00,比特幣的49000，繞不過去的坎？漲不上去了，還是正常盤整？BTC、ETH、ADA、DYDX、AXS、SOL，逐一分析！,https://www.youtube.com/watch?v=_T8ahjLs4Gs,_T8ahjLs4Gs
1256,2021-10-01,23:52:36-07:00,比特幣，突破即暴漲！到達雙重阻力區，能否順利突破？向上飄揚的旗幟，強勢還是弱勢？,https://www.youtube.com/watch?v=ma5Hy0R7Hsg,ma5Hy0R7Hsg
1257,2021-09-30,18:50:34-07:00,十月，比特幣漲到6萬3？鏈上分析，技術分析，都指向這個方向……,https://www.youtube.com/watch?v=Ee3h4hZl3Mg,Ee3h4hZl3Mg
1258,2021-09-29,18:51:00-07:00,比特幣突破還是跌破？事情明晰了起來！保持耐心，靜待這次機會！,https://www.youtube.com/watch?v=2PX9tD0yv78,2PX9tD0yv78
1259,2021-09-29,00:46:51-07:00,美股暴跌，比特幣卻跌不下去！四萬強支撐？還能不能跌到三萬多？這底部，若沒鯨魚，那就有鬼了！,https://www.youtube.com/watch?v=lmlxbdU5E2w,lmlxbdU5E2w
1260,2021-09-27,23:23:00-07:00,輸家到贏家的第一步？優秀的交易者最不可少的是？本人最重要的一期！,https://www.youtube.com/watch?v=OnEZpExmwXE,OnEZpExmwXE
1261,2021-09-26,17:54:25-07:00,出我意料！一國人在拋售，幣價不跌反漲，四萬強支撐，說明了什麼？新的一周，現貨、合約交易計劃梳理！,https://www.youtube.com/watch?v=RIAhrM2jz4E,RIAhrM2jz4E
1262,2021-09-24,18:19:32-07:00,又禁比特幣？這次很不同！這次的提法很不一樣，比特幣能否撐住？會不會順勢跌破新低？,https://www.youtube.com/watch?v=RO7KxqnJzqk,RO7KxqnJzqk
1263,2021-09-23,19:44:12-07:00,這一改變，讓比特幣真的能支付！Twitter的一小步，Bitcoin的一大步！忽略短期漲跌，看看大趨勢！,https://www.youtube.com/watch?v=1BWaWp7m-nA,1BWaWp7m-nA
1264,2021-09-22,19:18:45-07:00,比特幣，能不能再跌一次？！日線2-Breakout，40000強支撐，但築底不穩，真能這樣漲上去嗎？,https://www.youtube.com/watch?v=SkJGcRUCZO4,SkJGcRUCZO4
1265,2021-09-21,19:01:01-07:00,比特幣觸底反彈？跌不到37300怎麼辦？趨勢萌發之先，抓住反轉信號！BTC\ETH，行情分析！,https://www.youtube.com/watch?v=wEB1Zobj7Mo,wEB1Zobj7Mo
1266,2021-09-20,23:53:14-07:00,全球資產大暴跌，熊市真來了？我靜心等待，直到比特幣跌到這！,https://www.youtube.com/watch?v=tYTC8LWfVyw,tYTC8LWfVyw
1267,2021-09-20,00:38:28-07:00,BTC\ETH下跌，緊急更新！C浪下跌開啟？跌到多少買現貨？如果跌到這，我要打今年最漂亮的一仗！！,https://www.youtube.com/watch?v=joXEKzJqW0E,joXEKzJqW0E
1268,2021-09-18,00:19:59-07:00,比特幣突破！看漲的下降旗形突破，臨近這個價格區，不可掉以輕心！,https://www.youtube.com/watch?v=DN7ncJfyvJA,DN7ncJfyvJA
1269,2021-09-16,23:58:04-07:00,買在無人問津時！比特幣BTC，狗狗幣DOGE，大趨勢分析，以及行情更新！,https://www.youtube.com/watch?v=By4COMGOaes,By4COMGOaes
1270,2021-09-15,17:41:40-07:00,提起戒備！比特幣49000，或許沒那麼容易上去！BTC、ETH、SOL、FTM、REN、SUSHI行情分析！,https://www.youtube.com/watch?v=LtNAeYF2F6E,LtNAeYF2F6E
1271,2021-09-14,17:36:25-07:00,比特幣突破在即？五分鐘快速更新！若真突破，逃頂的山寨幣即可抄底買回；若假突破，則是完美做空點！,https://www.youtube.com/watch?v=RX0eK2Y3P2A,RX0eK2Y3P2A
1272,2021-09-13,18:48:40-07:00,比特幣跌勢將盡？買了點現貨比特幣！什麼硬件錢包最好用？填一下坑！,https://www.youtube.com/watch?v=BK59zUWzWHo,BK59zUWzWHo
1273,2021-09-12,19:20:45-07:00,BTC盤整一星期，接下來怎麼走？我這周的交易計劃，以及SOL、FTM、ALGO、ATOM，可以減倉了？！,https://www.youtube.com/watch?v=9JiX9JLUskU,9JiX9JLUskU
1274,2021-09-10,18:16:54-07:00,比特幣九月都暴跌，之後發生了什麼？從威科夫理論來講，這次暴跌是必不可少的？何時重返49000？,https://www.youtube.com/watch?v=ffDloqFaVrA,ffDloqFaVrA
1275,2021-09-09,19:14:17-07:00,比特幣49000，減一點倉位？不管看空，還是看多，這個位置都很關鍵！以及，瞧瞧咱社群的新變化！,https://www.youtube.com/watch?v=sQ5R2Wvv3s0,sQ5R2Wvv3s0
1276,2021-09-08,17:55:39-07:00,比特幣正常回踩？清理浮籌，並繼續上漲？還是機構出貨，牛市徹底結束了？最詳盡的分析，以及我的分析！,https://www.youtube.com/watch?v=sTT7T7cdt1U,sTT7T7cdt1U
1277,2021-09-07,17:14:21-07:00,比特幣插針，42500達成！交易計劃為何改變，後續走勢如何？好好談談！,https://www.youtube.com/watch?v=cZmUlBen-Ws,cZmUlBen-Ws
1278,2021-09-06,18:30:12-07:00,比特幣突破52000！！！這一次，可不是隨便漲漲！對狂暴牛市，你要有足夠的想象！,https://www.youtube.com/watch?v=AxdWDJ7PCk4,AxdWDJ7PCk4
1279,2021-09-05,18:57:08-07:00,比特幣漲破51000，測試52000，多數人在做空，難道真的上不去？我的現貨、合約、山寨幣，如何操作？,https://www.youtube.com/watch?v=hxLELbGtcjI,hxLELbGtcjI
1280,2021-09-03,19:16:59-07:00,比特幣最強阻力區，51000能否上去？我長線做多，但短線做空？比特幣現貨、山寨幣現貨，加倉還是減倉？！,https://www.youtube.com/watch?v=aTxcQUbx0iU,aTxcQUbx0iU
1281,2021-09-02,17:54:33-07:00,下次測試五萬，大概率會突破？比特幣的機會，或許就在盤整區！,https://www.youtube.com/watch?v=f76Hyr16r9E,f76Hyr16r9E
1282,2021-09-01,16:40:51-07:00,BTC/ETH輪流暴漲，下一個是誰？！狗狗幣Doge或許有機會？這種暴漲形態，錯過就會哭！！,https://www.youtube.com/watch?v=29fWiA9lSpY,29fWiA9lSpY
1283,2021-08-31,17:55:44-07:00,比特幣在哪裡？ETH真突破？你手中的幣，何時會暴漲？重要入群消息：不用註冊也能進？,https://www.youtube.com/watch?v=kJtYHqeX3WI,kJtYHqeX3WI
1284,2021-08-30,17:40:06-07:00,別慌，這就是震倉，正常回調！situation is under control！,https://www.youtube.com/watch?v=ug1vfiHLFCw,ug1vfiHLFCw
1285,2021-08-29,16:46:04-07:00,以往的劇本是這樣！比特幣五周連陽，但成交量一直在縮小，歷史上，這情況出現過兩次！後來，是暴漲，還是暴跌？！！,https://www.youtube.com/watch?v=PHWPsTBiV6M,PHWPsTBiV6M
1286,2021-08-28,18:42:02-07:00,上攻測試50500？這次是否也不能過？Coinbase股票即將拉升？為什麼說210是最完美買入點！,https://www.youtube.com/watch?v=8wDGexoBwEg,8wDGexoBwEg
1287,2021-08-27,18:46:56-07:00,跌破是假跌破，鯨魚是真鯨魚！摸清機構操盤痕跡，下次不再掉陷阱！！！,https://www.youtube.com/watch?v=_FURFgM2F4I,_FURFgM2F4I
1288,2021-08-26,19:07:06-07:00,比特幣回調，大回調，還是小回調？接下來怎麼走？下一個支撐點在哪？,https://www.youtube.com/watch?v=6V8ueTpftlA,6V8ueTpftlA
1289,2021-08-25,17:11:27-07:00,比特幣危險解除？若49300突破，則二次測試50800；若無法突破，那就危險了！同時，山寨幣暴漲，追不追？,https://www.youtube.com/watch?v=ugx65mgrAM0,ugx65mgrAM0
1290,2021-08-23,18:12:51-07:00,比特幣跌破五萬，你後悔沒賣掉？連續漲了70%，你恐高了嗎？現貨、合約、山寨幣，我怎麼應對？,https://www.youtube.com/watch?v=zDQLvUe5tUg,zDQLvUe5tUg
1291,2021-08-22,18:47:06-07:00,只要你看空，比特幣就還能漲！你在「跟莊」，還是跟「韭菜」？回調風險確實在，但我會一直持有，直到跌破這條線！,https://www.youtube.com/watch?v=0Ag2o5O7vTY,0Ag2o5O7vTY
1292,2021-08-21,18:13:15-07:00,跟莊賺大錢！比特幣被操控痕跡？必不可少的大作手思維，讓你想鯨魚之所想，順勢而為，盆滿缽滿！近日最重要的一期！,https://www.youtube.com/watch?v=XchDb5-8xCY,XchDb5-8xCY
1293,2021-08-21,03:06:39-07:00,一天中最美好的時刻,https://www.youtube.com/watch?v=pN-CgjwkmC8,pN-CgjwkmC8
1294,2021-08-20,18:57:40-07:00,強阻力區臨近！突破48000後，能否繼續突破50000？短線怎麼做？長線繼續持有？跟蹤大作手的足跡！,https://www.youtube.com/watch?v=y9HSaEhouZ0,y9HSaEhouZ0
1295,2021-08-19,17:29:43-07:00,比特幣大暴漲！接下來到哪？密切關注這兩個上車點！！以太坊、BNB、各種山寨幣，或許都有機會！,https://www.youtube.com/watch?v=LtpZQQvPYcQ,LtpZQQvPYcQ
1296,2021-08-18,17:42:36-07:00,即將大動作！或暴漲，或暴跌，就看能否在這得到支撐，同時分享勝率最高的諧波形態：蝙蝠！,https://www.youtube.com/watch?v=yZDhaiMBAjQ,yZDhaiMBAjQ
1297,2021-08-17,18:17:14-07:00,以太坊跌破上升趨勢線，頹勢初現！比特幣即將測試趨勢線，是否能撐住？這就是說好要忍受的回調！,https://www.youtube.com/watch?v=ba0LFZHmFrE,ba0LFZHmFrE
1298,2021-08-16,18:32:21-07:00,做空時機到了？勝率最高的形態，原因究竟是？同時分享三個強勢幣！,https://www.youtube.com/watch?v=UcFpBYXlBoQ,UcFpBYXlBoQ
1299,2021-08-15,17:12:05-07:00,以太坊ETH再度強勢！狗狗幣DOGE跳躍小溪，超重要信號！超強勢的UNI、BNB、SOL，下一個暴漲的是？,https://www.youtube.com/watch?v=UMXfF7Bg1NI,UMXfF7Bg1NI
1300,2021-08-14,16:44:18-07:00,冒出頭，就被打下來！比特幣測試強阻力區，無功而返，準備減倉現貨？合約也改變了交易計劃，山寨幣繼續嘗試，我如何佈局？,https://www.youtube.com/watch?v=jfceqO8EWLQ,jfceqO8EWLQ
1301,2021-08-13,17:28:21-07:00,翻倍幣，要不要？比特幣V型反轉，BTC.D跌破，或許，山寨幣要跟漲了……,https://www.youtube.com/watch?v=fDCNHZK5OLY,fDCNHZK5OLY
1302,2021-08-12,17:18:40-07:00,小回調，還是大回調？跌到多少可抄底？,https://www.youtube.com/watch?v=B2TWLqMp-h0,B2TWLqMp-h0
1303,2021-08-11,18:24:12-07:00,山寨幣亂飛，比特幣跌破！什麼信號？山寨季到了？還是要回調？,https://www.youtube.com/watch?v=F7dvKDgZ1Bk,F7dvKDgZ1Bk
1304,2021-08-10,18:32:50-07:00,漲太高，要回調？關注重要指標，一旦跌破，山寨季又要來了！！！,https://www.youtube.com/watch?v=mkaGZqImYFg,mkaGZqImYFg
1305,2021-08-10,16:12:21-07:00,無風險躺賺！適合大多數人的網格交易，選火幣、幣安，還是派網？同等資金，同樣參數，誰的收益高？！赤裸裸的無情對比來了！,https://www.youtube.com/watch?v=XJHBldBxTlg,XJHBldBxTlg
1306,2021-08-09,17:06:39-07:00,即將觸碰阻力區，能否沖過去？最多漲到哪？比特幣、以太坊、狗狗幣、萊特幣、幣安幣分析，BTC\ETH\LTC\BCH\BNB TA!!!,https://www.youtube.com/watch?v=6MgYJ5sfq3M,6MgYJ5sfq3M
1307,2021-08-08,18:00:00-07:00,比特幣回調到多少？強阻力區在哪？2018年牛市，拉升後又暴跌，這次不一樣？,https://www.youtube.com/watch?v=O99qcLXGCF4,O99qcLXGCF4
1308,2021-08-07,17:55:08-07:00,比特幣到十萬？跌到兩萬多時，為什麼我堅信可能到十萬？來，我們一起來數浪！,https://www.youtube.com/watch?v=yiJNu4PQTBY,yiJNu4PQTBY
1309,2021-08-06,17:16:23-07:00,苦等三個月，機會它來了！！！比特幣跳躍小溪，衝出盤整區，接下來怎麼走？以太坊若突破這條線，我會果斷加倉！！！,https://www.youtube.com/watch?v=-E4IkMtMw6o,-E4IkMtMw6o
1310,2021-08-05,18:11:44-07:00,暴漲暴跌，網格賺滿！！以太坊觸頂，回調在即？BTC經歷過的，ETH或許也要來一次？,https://www.youtube.com/watch?v=VroaPe-PLgo,VroaPe-PLgo
1311,2021-08-04,17:12:38-07:00,大暴漲不講道理，但做人要講良心！,https://www.youtube.com/watch?v=uIsZevoE4L4,uIsZevoE4L4
1312,2021-08-03,18:40:28-07:00,跌完了沒？趨勢線假突破？比特幣和以太坊，強支撐在哪裡？,https://www.youtube.com/watch?v=AO51xXzxlps,AO51xXzxlps
1313,2021-08-02,18:12:55-07:00,比特幣跌到多少，可以買現貨？以太坊利好在即，追不追？BTC換成ETH？,https://www.youtube.com/watch?v=Qq7HAxVrBEI,Qq7HAxVrBEI
1314,2021-08-01,19:02:46-07:00,42500頂不上去？！比特幣二次衝高回落，並跌破核心趨勢線，是否崩盤？以太坊ETH，利好兌現即暴跌？我在等這些信號！,https://www.youtube.com/watch?v=VbzG_QgXJfM,VbzG_QgXJfM
1315,2021-07-31,19:11:55-07:00,這些幣有行情！ETH短期極大利好，DeFi有一波機會，但你知風險麼？！然後，說好的社群呢？,https://www.youtube.com/watch?v=6K6OEm7BiaI,6K6OEm7BiaI
1316,2021-07-30,17:01:58-07:00,衝向真空地帶！比特幣大暴漲，如入無人之境！若能跳過這條小溪，對岸就是狂暴牛市！,https://www.youtube.com/watch?v=wKdDkAI_tQ0,wKdDkAI_tQ0
1317,2021-07-29,17:18:38-07:00,比特幣不上不下，山寨幣何時跟漲？這些交易信號可留意,https://www.youtube.com/watch?v=e9_e3pmmYuQ,e9_e3pmmYuQ
1318,2021-07-28,15:56:54-07:00,比特幣在哪裡，將向何處去？比特幣現貨，我也打算高拋低吸！穩定幣USDT將崩盤？,https://www.youtube.com/watch?v=j1d-68w5Clc,j1d-68w5Clc
1319,2021-07-27,17:03:05-07:00,比特幣下一步怎麼走？以往都對了，這次會不會錯呢？長線趨勢很明確，短期機會有沒有？,https://www.youtube.com/watch?v=DhwHyvhie0w,DhwHyvhie0w
1320,2021-07-26,17:34:24-07:00,比特幣正常回調？還是最後一次解套機會？！亢龍有悔階段，正醞釀下次動作，但若突破這條線，我就認為牛市回來了，並下一個大單！,https://www.youtube.com/watch?v=m8IYBdJKmO8,m8IYBdJKmO8
1321,2021-07-25,17:50:32-07:00,飛龍在天！比特幣持續突破，但，何時亢龍有悔？（錄視頻時，誰能想到直接上四萬？打臉了，但視頻還是發出來吧！）,https://www.youtube.com/watch?v=17MRkmafGmw,17MRkmafGmw
1322,2021-07-24,17:07:57-07:00,我曾看到光，現在它來了！比特幣突破34000，是否會回調，何處可加倉？ETH依然強，狗狗幣打算現貨加倉！,https://www.youtube.com/watch?v=SSDgPSIwsU4,SSDgPSIwsU4
1323,2021-07-23,17:37:35-07:00,比特幣，期待已久的突破！一天暴漲100%的山寨幣AXS，我們也抓住了機會，交易思路毫無保留分享給你！,https://www.youtube.com/watch?v=SeZLtENMNF8,SeZLtENMNF8
1324,2021-07-22,17:20:59-07:00,賣無可賣時即會漲！問題是，是不是現在？另教你一招，神算子分析師絕不會告訴你的神秘技巧！,https://www.youtube.com/watch?v=lL8T-blmOPU,lL8T-blmOPU
1325,2021-07-21,17:03:16-07:00,暴漲兩千美金，比特幣牛市回來了？是威科夫彈簧，是徹底洗盤後的拉升嗎？從盤口看，似乎不太樂觀……,https://www.youtube.com/watch?v=qJC3pLrWG1w,qJC3pLrWG1w
1326,2021-07-20,18:32:25-07:00,比特幣跌破，割還是不割？這十來個小幣，都跌破了關鍵支撐位，或有機會！,https://www.youtube.com/watch?v=hV_eEl0THyk,hV_eEl0THyk
1327,2021-07-19,17:27:09-07:00,如果跌到兩萬多，我會不會賣掉比特幣？不成熟市場的致富小秘籍：把西西弗斯推山底下去！,https://www.youtube.com/watch?v=wSRwjjCLors,wSRwjjCLors
1328,2021-07-18,17:26:16-07:00,明人不說暗話，比特幣到底是牛市，還是熊市？交易者最應該關注的是這個！以太坊突破後回踩，如果企穩，或許是機會！狗狗幣呢？,https://www.youtube.com/watch?v=BfX9u_D81Hs,BfX9u_D81Hs
1329,2021-07-17,18:02:12-07:00,緊急！BTC突破鑽石形底部，這是反轉形態；以太坊，突破半個月以來的下降趨勢線，並突破前高，這是我們一直在等的！（設好止損，小心假突破！）,https://www.youtube.com/watch?v=g-KMIQfz3U8,g-KMIQfz3U8
1330,2021-07-16,16:28:48-07:00,熊市唯一的暴富機會！比特幣緩跌，大量機會在山寨幣！BTC\ETH\DOGE\BNB\DOT\AXS\XEM……,https://www.youtube.com/watch?v=XOKsa25Pfl0,XOKsa25Pfl0
1331,2021-07-15,20:01:10-07:00,有效回彈？關鍵看這條線！比特幣重要突破位，抓住趨勢之先,https://www.youtube.com/watch?v=s5NMmDJMhbo,s5NMmDJMhbo
1332,2021-07-14,17:59:57-07:00,比特幣反彈？看漲的下降楔形出現？！博主賺了多少廣告費？返佣能賺多少？最近流行的暴漲幣，能不能買？一次回答，讓你永遠明白！,https://www.youtube.com/watch?v=Ae5KbPRXhTU,Ae5KbPRXhTU
1333,2021-07-13,16:40:36-07:00,暴漲前的最後一次打折？比特幣、以太坊、狗狗幣，這次跌到哪，何時可抄底？,https://www.youtube.com/watch?v=q85fheMGlx8,q85fheMGlx8
1334,2021-07-12,17:48:57-07:00,砸盤如期而至，下一步怎麼走？Bitfinex持續借幣中，還有更大砸盤？找出大鯨魚的蹤跡，我們跟著賺一波？,https://www.youtube.com/watch?v=Zj_cKGfNpyg,Zj_cKGfNpyg
1335,2021-07-11,18:50:57-07:00,借幣12000枚，又要砸盤？！行情預測不重要，怎樣應對才重要！分享近期交易策略！,https://www.youtube.com/watch?v=GAT4bjTrmwg,GAT4bjTrmwg
1336,2021-07-10,19:10:07-07:00,上躥下跳的猴市行情，除了躺平，還有什麼機會？超短線，五分鐘背離，一抓一個准！,https://www.youtube.com/watch?v=unZNpfpqiTc,unZNpfpqiTc
1337,2021-07-09,18:54:30-07:00,賣單枯竭，日線背離，暴漲何時來？！上漲遲早會來，會不會是現在？,https://www.youtube.com/watch?v=H8YmlhDqYS8,H8YmlhDqYS8
1338,2021-07-08,19:04:59-07:00,現貨也止損？我如何處理失敗？比特幣仍在下跌趨勢中，目前還未反轉，但幽暗隧道的盡頭，我看到光！,https://www.youtube.com/watch?v=r5EjfqFAJ2o,r5EjfqFAJ2o
1339,2021-07-07,18:23:31-07:00,比特幣閃崩？真要跌到28000？下一個關鍵點位是？,https://www.youtube.com/watch?v=v0AGQ3-E0Lg,v0AGQ3-E0Lg
1340,2021-07-06,18:22:24-07:00,BNB強勢初現？Doge狗狗幣頹勢繼續？比特幣、以太坊，大的趨勢行情即將來臨！,https://www.youtube.com/watch?v=md8OBmfrTxI,md8OBmfrTxI
1341,2021-07-05,17:41:48-07:00,謹慎看多！雖然多數人都已看空。盤整越久，趨勢越大，過程有點磨人，但我們要耐心！,https://www.youtube.com/watch?v=lCtmXWIkHW8,lCtmXWIkHW8
1342,2021-07-04,18:30:18-07:00,誘多再砸盤？！2-Breakout 形態出現，誘多後放量跌破，並跌破趨勢線，難道真要回踩這根線？,https://www.youtube.com/watch?v=Vxs4rDTlhhg,Vxs4rDTlhhg
1343,2021-07-03,22:48:56-07:00,不再跌了？現在是威科夫的什麼階段？以及，我的交易計劃。,https://www.youtube.com/watch?v=7d90RGc54G8,7d90RGc54G8
1344,2021-07-02,17:14:19-07:00,比特幣即將變盤？或許，還得再熬熬。耐心等待中,https://www.youtube.com/watch?v=bcKlbJ3U6-c,bcKlbJ3U6-c
1345,2021-06-30,20:11:38-07:00,還會繼續跌？空單繼續拿？比特幣跌了，我們觀眾卻都賺錢了！,https://www.youtube.com/watch?v=6YJmu3z7BvU,6YJmu3z7BvU
1346,2021-06-29,17:25:30-07:00,真突破，假突破？比特幣回踩帶你上車，還是曇花一現、跌回兩萬多？多、空都有機會，山寨幣現貨也可關注！,https://www.youtube.com/watch?v=NpFsYB6Hlhg,NpFsYB6Hlhg
1347,2021-06-29,07:58:11-07:00,緊急更新！比特幣突破，以太坊突破，還有機會上車？,https://www.youtube.com/watch?v=XlWCiijRE5E,XlWCiijRE5E
1348,2021-06-28,16:55:29-07:00,比特幣即將出方向，山寨幣翹首以待！此外，槓桿幾倍最賺錢？數學就能解決的問題，不用親身虧錢去學了！,https://www.youtube.com/watch?v=jkUCmt6Ixng,jkUCmt6Ixng
1349,2021-06-27,18:41:02-07:00,一旦突破，將是近期最大的機會！同樣的底背馳，同樣的衰竭2B形態，下次如果还出现，你一定能抓住！,https://www.youtube.com/watch?v=slFVdGj9mlI,slFVdGj9mlI
1350,2021-06-25,16:30:29-07:00,More！More！鯨魚要更多！！！Elon Musk發推，嘲諷比特幣，狗狗幣豈能獨善其身？我感覺，上次只跌到29000，機構還不滿意……,https://www.youtube.com/watch?v=9WmihOXrCXc,9WmihOXrCXc
1351,2021-06-24,17:46:30-07:00,有機會！比特幣突破下降趨勢線，回踩測試後，繼續上漲！狗狗幣，果然跌出一個坑，正逐漸回到碗形底部！以太坊關鍵時機即將來臨！,https://www.youtube.com/watch?v=7bKh6JiRFAs,7bKh6JiRFAs
1352,2021-06-23,17:52:40-07:00,高興太早？比特幣上漲乏力，還是正常盤整？繼續上攻，還是迴光返照？只要有漲跌，我們就有機會！,https://www.youtube.com/watch?v=1WB7xDFK6ps,1WB7xDFK6ps
1353,2021-06-22,18:35:22-07:00,比特幣繼續漲？急速拉升，可否持續？！何謂威科夫彈簧？衰竭2B形態？學會這些，真的能輕鬆賺錢！,https://www.youtube.com/watch?v=7bTMSZT-eiQ,7bTMSZT-eiQ
1354,2021-06-21,15:30:59-07:00,比特幣，就差這一下！一直在等、一直在等，它何時出現？抓住這波趨勢，今年就夠了！,https://www.youtube.com/watch?v=2wH2xlTik3o,2wH2xlTik3o
1355,2021-06-20,18:10:27-07:00,賺夠了就跑！昨天做空，今天做多，復盤我的開單心路，同時分享一本書！,https://www.youtube.com/watch?v=OL3Tl2D75EU,OL3Tl2D75EU
1356,2021-06-19,15:40:53-07:00,底部形態出現？比特幣出現背離？纏論第一買點出現？！提阿非羅的背離，和纏中説禪的背馳，是不是一回事？來，説禪！,https://www.youtube.com/watch?v=E1BFjbYS0_o,E1BFjbYS0_o
1357,2021-06-18,18:23:51-07:00,回踩失败，重回震荡！做多，还是做空？详细分享我的交易计划，比特幣、以太坊、狗狗幣、AMP、MATIC趨勢分析,https://www.youtube.com/watch?v=l5chqFGHCSo,l5chqFGHCSo
1358,2021-06-17,18:29:40-07:00,突破回踩？還是一蹶不振？還會不會跌下去？我目前沒任何群，沒任何收費項目，但有人被騙十萬美金！,https://www.youtube.com/watch?v=AYwExTYZBGQ,AYwExTYZBGQ
1359,2021-06-16,17:44:06-07:00,跌破！比特幣衝高乏力，再度跌破！下方可有支撐？信息量超大，時長無法縮減，但一定要看！,https://www.youtube.com/watch?v=RPGUqOEjpic,RPGUqOEjpic
1360,2021-06-14,13:03:19-07:00,超簡單的逃頂策略！總聽說【背離】，但什麼是背離？逃頂方法千萬種，但逃不逃得掉，就看你能不能遏制心中的：貪。,https://www.youtube.com/watch?v=nvGqPUlBKX0,nvGqPUlBKX0
1361,2021-06-14,11:27:45-07:00,站穩40000？比特幣漲幅減緩，是否要做空？除非跌破箱體，否則不要做空！用箱體理論，演示如何做短線，同時講一下【社群】的計劃！,https://www.youtube.com/watch?v=tZtDi5Wzm7U,tZtDi5Wzm7U
1362,2021-06-13,13:08:18-07:00,奇怪的事情發生了！特斯拉又支持比特幣了？馬一龍發推，說如果比特幣挖礦變得更環保了，特斯拉又將支持比特幣支付，但市場在之前已開始爆拉，這是內幕消息走漏了，還是提前有預謀？,https://www.youtube.com/watch?v=5mJJgtE6ya4,5mJJgtE6ya4
1363,2021-06-13,11:57:57-07:00,同樣形態再次出現！上次是暴力拉升，這次是否一樣？！比特幣跌破後，強力拉升，跌不下去，底部有鯨魚吃貨，難道狂暴牛市又回來了？請聽我的分析！,https://www.youtube.com/watch?v=tWD8NVAOCQA,tWD8NVAOCQA
1364,2021-06-11,23:59:25-07:00,再度跌破！比特幣跌破頭肩頂形態，同時跌破震蕩三角區間，提前預告了這個機會，你把握住了嗎？同時，為什麼山寨幣一直跌？為什麼被比特幣吸血？,https://www.youtube.com/watch?v=PlTA0mirZrc,PlTA0mirZrc
1365,2021-06-07,21:36:30-07:00,比特幣跌破！該來的還是來了，這次不再是假跌破，接下來怎麽走？熊市真的來了嗎？學會交易，牛市賺錢，熊市也賺錢,https://www.youtube.com/watch?v=8gWuNf4t9WI,8gWuNf4t9WI
1366,2021-06-06,01:10:48-07:00,答應我，永遠都不要放棄賭博……久賭必輸？NO，久賭必贏！,https://www.youtube.com/watch?v=IfG5KuZEdSM,IfG5KuZEdSM
1367,2021-06-06,00:10:54-07:00,跌破了，還是沒跌破？！你想要個痛快，但它就是這麼磨人。比特幣，今日行情分析，20210605,https://www.youtube.com/watch?v=axi8CL_HwBA,axi8CL_HwBA
1368,2021-06-04,23:13:23-07:00,【沒行情，音量小，一個會浪費你時間的閒聊】比特幣、以太坊仍然震蕩，DOGE有企穩跡象，SOL有新聞面利好，漲勢不錯，回調後可加倉現貨。,https://www.youtube.com/watch?v=CDRaWANqZww,CDRaWANqZww
1369,2021-06-03,23:22:19-07:00,上一刻看好，下一秒放空！馬斯克發推，比特幣重回震蕩區間，形勢再度不明朗！面對急劇變化的市場，一定要拋棄牛市、熊市的觀點，JUST BE WATER!!!,https://www.youtube.com/watch?v=VHXGVP7hHxc,VHXGVP7hHxc
1370,2021-06-03,09:41:51-07:00,利好還是利空？！Doge即將上架Coinbase Pro，即將暴跌？還是緩慢上漲？我復盤了最近上市coinbase的所有幣種，給你一個參考！,https://www.youtube.com/watch?v=TN71BJHOEc4,TN71BJHOEc4
1371,2021-06-02,17:21:41-07:00,是牛是熊？在此見分曉！比特幣以太坊震蕩到最後，即將出方向，全球投資者都在最密切關注，最關鍵的一兩天！同時，狗狗幣繼續漲？還是高處有危險？請收下今日份的行情更新！,https://www.youtube.com/watch?v=T0DJtr9mIo8,T0DJtr9mIo8
1372,2021-06-02,10:38:02-07:00,做YouTuber一個月，我賺了多少？一刀未剪的閒聊，以及比特幣、狗狗幣行情分析！,https://www.youtube.com/watch?v=9KzlbzjmRmA,9KzlbzjmRmA
1373,2021-06-01,14:38:25-07:00,狗狗幣，或有行情！比特幣、以太坊，仍在三角震蕩中，即將出方向，暴漲暴跌，即將來臨，所以目前屏息以待！,https://www.youtube.com/watch?v=xbeYRlIrwGE,xbeYRlIrwGE
1374,2021-05-31,17:00:04-07:00,炒幣，看新聞？還是看K綫？這個問題想清楚，你能少虧冤枉錢！,https://www.youtube.com/watch?v=JyOVXBxrA24,JyOVXBxrA24
1375,2021-05-30,20:46:39-07:00,即將出方向！比特幣、以太坊、狗狗幣，買賣雙方爭鬥激烈！漲，還是跌？這兩天很關鍵！,https://www.youtube.com/watch?v=f2OE40-eIDA,f2OE40-eIDA
1376,2021-05-29,19:56:34-07:00,跌跌跌，底在哪裏？是最後的逃命機會，還是震蕩行情的開啟？我可能會开網格交易，原因是？DOGE\BTC\BITCOIN,https://www.youtube.com/watch?v=G4V7uDrpzVs,G4V7uDrpzVs
1377,2021-05-28,18:14:36-07:00,難道，最後還是崩了？比特幣真要跌到一萬？為什麼說狗狗幣正在關鍵時期？,https://www.youtube.com/watch?v=AMuBag0St6I,AMuBag0St6I
1378,2021-05-27,23:24:31-07:00,跌破！比特幣緊急更新！,https://www.youtube.com/watch?v=ienhSqyr-uo,ienhSqyr-uo
1379,2021-05-27,10:52:17-07:00,完美逃頂？精準抄底？神奇數字來幫你！神奇的規律，斐波拉契數列，最易懂的解說，最實用的演示，不管是比特幣以太坊狗狗幣，還是股票中，它都能幫你找準精確點位，大大提高資金利用率！,https://www.youtube.com/watch?v=6VY2qDzpNbk,6VY2qDzpNbk
1380,2021-05-26,18:37:26-07:00,學得越多，卻虧得越狠？有些道理，站上天台才明白！明明白白，這就是投資建議！非常重要的一期，錯過真的會後悔！,https://www.youtube.com/watch?v=TgckQL9o-D4,TgckQL9o-D4
1381,2021-05-26,17:16:58-07:00,漲不上去？危險來臨？比特幣突頸線後，猛烈回落，難道有變？是上漲中的努力衝高，還是“最後的一波逃命機會”？,https://www.youtube.com/watch?v=1CdkBGQQuVo,1CdkBGQQuVo
1382,2021-05-25,19:29:15-07:00,一旦突破，就可加倉！比特幣、以太坊、狗狗幣，和我們預期一樣，正逐漸收復失地，這幾個點位尤其需要註意！,https://www.youtube.com/watch?v=4FXoSRY_AzE,4FXoSRY_AzE
1383,2021-05-24,19:52:30-07:00,穩了？是迴光返照，還是牛市回來了？趁機逃跑，還是勇猛加倉？還會不會跌下去？比特幣BTC、以太坊ETH、狗狗幣DOGE、幣安幣BNB，今日行情分析！,https://www.youtube.com/watch?v=rRBwvkDuNuY,rRBwvkDuNuY
1384,2021-05-23,16:03:42-07:00,比特幣暴跌，我虧了多少？,https://www.youtube.com/watch?v=uYBCShlpnJE,uYBCShlpnJE
1385,2021-05-22,22:17:16-07:00,"做你看到的行情，不要用信仰開單！Trade what you see, not what you think!",https://www.youtube.com/watch?v=SX-y1ila9OA,SX-y1ila9OA
1386,2021-05-22,13:09:01-07:00,狂暴牛市在哪里？历史周期告诉你！山寨幣一直跌，要不要割肉？比特幣觸底了嗎？Matic爲何垮塌了？以太坊爲什麽就是弱？哪怕從技術面看，牛市也遠沒有結束！更狂暴的牛市，還在未來的一百多天！HODL！,https://www.youtube.com/watch?v=aH_LdUbUM14,aH_LdUbUM14
1387,2021-05-21,20:43:28-07:00,中國政府封禁？！每次政府封禁時，都會砸出一個大坑，但都會逐步回漲，所以目前不建議賣出割肉！今早下跌減緩，貌似有點利空出盡的感覺，所以，後市我這樣看……,https://www.youtube.com/watch?v=8qVfDqFjuLo,8qVfDqFjuLo
1388,2021-05-21,02:46:58-07:00,比特幣、以太坊、狗狗幣，盤整行情，快速更新！單邊趨勢已不在，目前是盤整行情，不建議做中長線，倒是有不少快進快出的短線機會，可以多多練手,https://www.youtube.com/watch?v=IiZnGLEMPV0,IiZnGLEMPV0
1389,2021-05-20,00:05:47-07:00,以太坊，還能不能行？ETH要不要割肉？換回比特幣？用利弗莫爾投機圖，演示以太的成住壞空。同時，告訴你最佳出入點位！,https://www.youtube.com/watch?v=LDUrKHubOXk,LDUrKHubOXk
1390,2021-05-19,02:45:47-07:00,这就慌了？说好的穿越牛熊呢！下跌如期而至，坐稳扶好，收起小桌板。行情少看，甚至不看，交易少做，甚至不做。不妨远离K线，调整一下心态！,https://www.youtube.com/watch?v=m92wqi0ad-g,m92wqi0ad-g
1391,2021-05-18,00:57:41-07:00,跌到底了吗？可以抄底了吗？！行情分析，以及十万本金账户更新（无聊行情，所以无聊听听，无干货）,https://www.youtube.com/watch?v=31UVl98PkX8,31UVl98PkX8
1392,2021-05-16,21:44:50-07:00,崩了吗？熊市来了吗？比特币要割肉抛了吗？以太坊可以抄底了吗？狗狗币还可以买吗？这些问题，全给你说了,https://www.youtube.com/watch?v=07NVUTl8puo,07NVUTl8puo
1393,2021-05-16,10:21:12-07:00,【紧急更新】該跑還是得跑！我把ADA賣掉了一半倉位，希望不要打臉，但它确实出现了和ETH之前一样的走势！賣出時機的選擇很重要，方法也很多，這是其中一種！快速更新發出，一个吃力不讨好的风险提醒！,https://www.youtube.com/watch?v=AzTo3Y-eYf0,AzTo3Y-eYf0
1394,2021-05-15,09:28:51-07:00,以太坊跌破上升趨勢綫，並走出M頂形態？中短期風險提醒！長期持有者無需擔心，但短期操作者需意識到這種風險！,https://www.youtube.com/watch?v=pHESGWu8Ca4,pHESGWu8Ca4
1395,2021-05-13,23:56:06-07:00,最適合新手的數字貨幣投資策略！幣圈第一課，告訴你有哪些坑不能踩，以及如何穩健盈利,https://www.youtube.com/watch?v=ASYiJoohO8w,ASYiJoohO8w
1396,2021-05-13,00:19:00-07:00,马斯克喊崩比特币！特斯拉不再支持比特币，导致比特跌破震荡区间，却没有快速拉升，接下来是缓慢涨回去，还是再一次急速下跌？46000抄底比特币，但在50000又卖了，我还是有点怕,https://www.youtube.com/watch?v=ucv4PQ2VZ04,ucv4PQ2VZ04
1397,2021-05-11,17:00:09-07:00,抄最稳的底！牛市暴跌后，什么时候入场抄底？怎样避免因抄底而破产？试过很多种方法，但这是我认为最稳的一种！,https://www.youtube.com/watch?v=yWKeF-NEpRY,yWKeF-NEpRY
1398,2021-05-11,12:58:44-07:00,翻倍币怎么找？又一个翻倍币，GT/USDT，一周前以4.8美金购入，如今已9.68，详细分享了选币心法，多看几遍，你也可以！,https://www.youtube.com/watch?v=-b9jWENMY-I,-b9jWENMY-I
1399,2021-05-10,04:19:44-07:00,绝对逃顶！价值百万的独家策略，绝无保留，完全公开！超简单，却超实用，人人都会，无需技术！看完，下次绝不被套！价值百万？是的，毫不夸张！若你上月被比特币套，这月被狗狗币套，那你一定要看。十分钟革新认知！,https://www.youtube.com/watch?v=7MEpTOdFr9g,7MEpTOdFr9g
1400,2021-05-09,10:52:14-07:00,抄底技巧大公开！狗狗币，我抄底了，久跌之后+五浪模型+量价分析+强势阳线拉起，是狗狗币抄底的逻辑。同时分析它的下跌逻辑，以及回涨原理，都是干货，值得一看！,https://www.youtube.com/watch?v=rUD4l38OrKM,rUD4l38OrKM
1401,2021-05-08,18:00:05-07:00,三倍做空狗狗幣？灰度意欲何爲！危險信號，還是智商測試？,https://www.youtube.com/watch?v=_URhXlq5kbo,_URhXlq5kbo
1402,2021-05-08,17:00:17-07:00,實不相瞞，我真有SHIBA！就在昨天，我買了八千萬！已翻三倍，還能再買嗎？,https://www.youtube.com/watch?v=bdPK-xZr5IY,bdPK-xZr5IY
1403,2021-05-08,10:27:50-07:00,狗狗币如果继续跌，会跌到哪里？如果涨回来，会涨到哪里？！波浪理论，五浪形态，博主掐指一算，大概就在这里了！你想抄底？那必看！你想逃顶，那就更不用说了！,https://www.youtube.com/watch?v=sWbDkv7h77g,sWbDkv7h77g
1404,2021-05-08,09:33:12-07:00,狗狗币盘中暴跌！是庄家砸盘？还是散户恐慌抛售！慌不择言，急速更新行情，速看！,https://www.youtube.com/watch?v=KWhgnEN-Hzg,KWhgnEN-Hzg
1405,2021-05-07,14:52:39-07:00,圖形告訴我，DOGE狗狗幣能到這個價！這裡是短期行情預測，因為從長期看，價格當然是星辰大海、不可預測！狗狗幣在美國時間5月8日，我預計會到這個價格，一個保守的預測、理性的預測、一點也不誇口的預測！！,https://www.youtube.com/watch?v=N2JdnOyoRl0,N2JdnOyoRl0
1406,2021-05-07,01:00:01-07:00,买股票也能一天翻倍！给你看看我的股票账户，以及今日数字货币涨幅榜前五名，BCD\qtum\etc\eos，我预先购入了四个！！！后台订单直接给你看！大家慢慢看……我去睡了。,https://www.youtube.com/watch?v=27_IT46bQ7s,27_IT46bQ7s
1407,2021-05-06,16:00:15-07:00,四天翻五倍！本周我購入的ETC、TEL，都已漲了五倍，500%收益！同時，將10個比特幣成以太坊，本周也賺到兩個比特幣，十幾萬美金！同時，行情快速更新，以及狗幣暫時無需驚慌。,https://www.youtube.com/watch?v=-bQULKWZAnk,-bQULKWZAnk
1408,2021-05-06,10:19:27-07:00,千萬不要在robinhood買比特幣、狗狗幣？為什麼我也不在Coinbase、Gemini購買數字貨幣？到底在哪買虛擬貨幣，這是本頻道目前被問到最多的問題，所以特別講一下！,https://www.youtube.com/watch?v=rxc3cHBO80g,rxc3cHBO80g
1409,2021-05-05,11:46:24-07:00,狗狗幣會暴跌！但不是現在，實盤演示狗幣的恐慌拋售，抄底機會？抑或出場時機？同時，分析了本週我購入的三個翻倍幣，ETC、TEL、Waves，以及剩下的這些幣種，誰會是下一個翻倍幣？,https://www.youtube.com/watch?v=Rc6he4GhLs4,Rc6he4GhLs4
1410,2021-05-04,19:01:15-07:00,狗狗币实盘演示！我写剧本，狗狗来演！实盘演示何处加仓，以及币价运行轨迹。希望多多关注，以后你也能写剧本，赚钱像空气一样简单！DOGE TO THE MOON!,https://www.youtube.com/watch?v=Q7xnkKdqNbg,Q7xnkKdqNbg
1411,2021-05-04,16:46:33-07:00,逆势暴涨！狗狗币到顶了吗？是不是马上要跌？是卖出获利，还是信仰长持？同时，前期视频推荐的币种，Etc、Tel、Waves、link 为何逆势暴涨？背后的市场逻辑是什么？,https://www.youtube.com/watch?v=l6yMtW3eUz0,l6yMtW3eUz0
1412,2021-05-04,01:54:05-07:00,狗狗币已突破前高！最近再无解套抛盘压力！破0.45后的狗狗币，下一站飞到哪里？听听我的简短分析！DOGE COIN TO THE MOON!!!,https://www.youtube.com/watch?v=IO0OjjUgfD0,IO0OjjUgfD0
1413,2021-05-04,01:33:52-07:00,比特币再度暴跌，拖累大盘普跌，但以太坊撑住了局面，这是否就是牛市结束的迹象？还是牛市中期，山寨季才刚刚开始？前日交易复盘，以及数字货币行情分析，Waves、Doge、BAKE、BTC、ETH、RUNE,https://www.youtube.com/watch?v=ozeBMaRljuo,ozeBMaRljuo
1414,2021-05-03,09:32:40-07:00,一天就翻倍！昨天的视频看了吗？分享的TEL，一天就翻倍！还有Waves，两天前购入，我已翻倍！昨天视频发出后，四小时暴涨40%，你错过了吗？关注，点赞，加小铃铛，下次翻倍币不再错过！非投资建议。,https://www.youtube.com/watch?v=8Sh0IBUqRxU,8Sh0IBUqRxU
1415,2021-05-03,06:30:02-07:00,技术分析！有上升潜力的小币种，SRM、MKR、ETC、WAVES、BUGER，这个算是我今天的交易复盘吧，看看我的现货交易策略！帮你理清交易头绪，明明白白抓住暴涨币。美西时间，5月3日，非投资建议！,https://www.youtube.com/watch?v=HsZJBeEXlTY,HsZJBeEXlTY
1416,2021-05-03,01:45:54-07:00,我把比特币换了以太坊？为什么！前两天换的，目前来看是正确的，但是否将更多BTC换成ETH，我还在观望！可以听听我的分析，但并非投资建议！,https://www.youtube.com/watch?v=KpdLgmP7_OY,KpdLgmP7_OY
1417,2021-05-02,14:44:29-07:00,狗庄何在？谁是韭菜？谁来割谁？DOGE狗狗币行情分析，以及比特币数字货币投资心态交流,https://www.youtube.com/watch?v=QfPvcD5OtOQ,QfPvcD5OtOQ
1418,2021-05-01,18:30:57-07:00,狗狗币的超规律形态！K线里有所有秘密，帮你找到最佳卖出点，让你的盈利最大化，逃顶抛狗最佳位置！,https://www.youtube.com/watch?v=2qghLiygh7g,2qghLiygh7g
1419,2021-05-01,18:27:45-07:00,SLP复盘，昨天正确预测了最佳买点，今天来看最佳卖点,https://www.youtube.com/watch?v=xb95nu7HDG0,xb95nu7HDG0
1420,2021-05-01,12:42:05-07:00,今天可购入的几个币，HT、NANO、GRT，美国西部时间05月01日，主观判断，非投资建议，请自行判断。,https://www.youtube.com/watch?v=4WSGGPJWYaI,4WSGGPJWYaI
1421,2021-04-30,21:02:16-07:00,SLP，现在还能买吗？什么价位入场比较合适？Small Love Potion，纯技术面分析,https://www.youtube.com/watch?v=tEG1Nhw0o0E,tEG1Nhw0o0E
1422,2021-04-30,15:26:26-07:00,DOGE不要急着解套！现在卖掉狗狗币，你绝对会后悔！DOGE，狗币，马斯克，别急着解套。只要你有耐心，前景一片大好！,https://www.youtube.com/watch?v=nvIqdfzET8w,nvIqdfzET8w
1423,2021-04-27,22:39:00-07:00,紧急！CAKE 高位危险！为什么我要马上卖出？追高有风险，购买前，你必须要听的分析！2021.04.27，第四期,https://www.youtube.com/watch?v=JTIxZt2aS4k,JTIxZt2aS4k
1424,2021-04-27,13:44:44-07:00,SOL，你成功逃顶了吗？Solana复盘，以及我的逃顶原则，保护你的胜利果实！20210427，第三期,https://www.youtube.com/watch?v=eKjsd_VJI-s,eKjsd_VJI-s
1425,2021-04-25,23:14:25-07:00,Doge狗狗币，还能买吗？我的策略，让你赚十倍！20210425，第二期。,https://www.youtube.com/watch?v=20p4QjZG6iw,20p4QjZG6iw
1426,2021-04-25,03:01:52-07:00,SOL什么时候卖？VET、BNB 卖晚了？看看我的分析。Solana，20210425，第一期,https://www.youtube.com/watch?v=S-c8yznbQ2g,S-c8yznbQ2g
